{
  "gName": "com.google.android.gms.auth.api.identity.SignInCredential",
  "interfaces": [
    "android.os.Parcelable"
  ],
  "dependencyName": "Account",
  "superClass": "java.lang.Object",
  "methods": [
    {
      "correspondingStatus": "notSupport",
      "dependencyName": "Account",
      "g": {
        "exceptions": [],
        "modifiers": [],
        "name": "equals",
        "paramTypes": [
          {
            "pos": "0",
            "type": "java.lang.Object"
          }
        ],
        "retType": "boolean"
      },
      "text": "Documents to be completed",
      "hName": "",
      "url": "https://developer.huawei.com/consumer/en/"
    },
    {
      "correspondingStatus": "notSupport",
      "dependencyName": "Account",
      "g": {
        "exceptions": [],
        "modifiers": [],
        "name": "getDisplayName",
        "paramTypes": [],
        "retType": "java.lang.String"
      },
      "text": "Documents to be completed",
      "hName": "",
      "url": "https://developer.huawei.com/consumer/en/"
    },
    {
      "correspondingStatus": "notSupport",
      "dependencyName": "Account",
      "g": {
        "exceptions": [],
        "modifiers": [],
        "name": "getFamilyName",
        "paramTypes": [],
        "retType": "java.lang.String"
      },
      "text": "Documents to be completed",
      "hName": "",
      "url": "https://developer.huawei.com/consumer/en/"
    },
    {
      "correspondingStatus": "notSupport",
      "dependencyName": "Account",
      "g": {
        "exceptions": [],
        "modifiers": [],
        "name": "getGivenName",
        "paramTypes": [],
        "retType": "java.lang.String"
      },
      "text": "Documents to be completed",
      "hName": "",
      "url": "https://developer.huawei.com/consumer/en/"
    },
    {
      "correspondingStatus": "notSupport",
      "dependencyName": "Account",
      "g": {
        "exceptions": [],
        "modifiers": [],
        "name": "getGoogleIdToken",
        "paramTypes": [],
        "retType": "java.lang.String"
      },
      "text": "Documents to be completed",
      "hName": "",
      "url": "https://developer.huawei.com/consumer/en/"
    },
    {
      "correspondingStatus": "notSupport",
      "dependencyName": "Account",
      "g": {
        "exceptions": [],
        "modifiers": [],
        "name": "getId",
        "paramTypes": [],
        "retType": "java.lang.String"
      },
      "text": "Documents to be completed",
      "hName": "",
      "url": "https://developer.huawei.com/consumer/en/"
    },
    {
      "correspondingStatus": "notSupport",
      "dependencyName": "Account",
      "g": {
        "exceptions": [],
        "modifiers": [],
        "name": "getPassword",
        "paramTypes": [],
        "retType": "java.lang.String"
      },
      "text": "Documents to be completed",
      "hName": "",
      "url": "https://developer.huawei.com/consumer/en/"
    },
    {
      "correspondingStatus": "notSupport",
      "dependencyName": "Account",
      "g": {
        "exceptions": [],
        "modifiers": [],
        "name": "getProfilePictureUri",
        "paramTypes": [],
        "retType": "android.net.Uri"
      },
      "text": "Documents to be completed",
      "hName": "",
      "url": "https://developer.huawei.com/consumer/en/"
    },
    {
      "correspondingStatus": "notSupport",
      "dependencyName": "Account",
      "g": {
        "exceptions": [],
        "modifiers": [],
        "name": "hashCode",
        "paramTypes": [],
        "retType": "int"
      },
      "text": "Documents to be completed",
      "hName": "",
      "url": "https://developer.huawei.com/consumer/en/"
    },
    {
      "correspondingStatus": "notSupport",
      "dependencyName": "Account",
      "g": {
        "exceptions": [],
        "modifiers": [],
        "name": "writeToParcel",
        "paramTypes": [
          {
            "pos": "0",
            "type": "android.os.Parcel"
          },
          {
            "pos": "1",
            "type": "int"
          }
        ],
        "retType": "void"
      },
      "text": "Documents to be completed",
      "hName": "",
      "url": "https://developer.huawei.com/consumer/en/"
    }
  ],
  "innerClass": false,
  "fields": [
    {
      "correspondingStatus": "notSupport",
      "dependencyName": "Account",
      "g": {
        "name": "CREATOR",
        "modifiers": [
          "static",
          "final"
        ],
        "type": "android.os.Parcelable.Creator<com.google.android.gms.auth.api.identity.SignInCredential>",
        "value": ""
      },
      "text": "Documents to be completed",
      "hName": "",
      "url": "https://developer.huawei.com/consumer/en/"
    }
  ],
  "modifiers": [
    "final"
  ],
  "type": "class",
  "hName": "",
  "kitName": "Account",
  "status": "notSupport"
}