{
  "gName": "com.google.android.gms.auth.api.phone.SmsRetrieverStatusCodes",
  "interfaces": [],
  "dependencyName": "Account",
  "superClass": "com.google.android.gms.common.api.CommonStatusCodes",
  "methods": [
    {
      "correspondingStatus": "dummy",
      "dependencyName": "Account",
      "g": {
        "exceptions": [],
        "modifiers": [
          "static"
        ],
        "name": "getStatusCodeString",
        "paramTypes": [
          {
            "pos": "0",
            "type": "int"
          }
        ],
        "retType": "java.lang.String"
      },
      "text": "Documents to be completed",
      "hName": "",
      "url": "https://developer.huawei.com/consumer/en/"
    }
  ],
  "innerClass": false,
  "fields": [
    {
      "correspondingStatus": "dummy",
      "dependencyName": "Account",
      "g": {
        "name": "API_NOT_AVAILABLE",
        "modifiers": [
          "static",
          "final"
        ],
        "type": "int",
        "value": "36501"
      },
      "text": "Documents to be completed",
      "hName": "",
      "url": "https://developer.huawei.com/consumer/en/"
    },
    {
      "correspondingStatus": "dummy",
      "dependencyName": "Account",
      "g": {
        "name": "PLATFORM_NOT_SUPPORTED",
        "modifiers": [
          "static",
          "final"
        ],
        "type": "int",
        "value": "36500"
      },
      "text": "Documents to be completed",
      "hName": "",
      "url": "https://developer.huawei.com/consumer/en/"
    },
    {
      "correspondingStatus": "dummy",
      "dependencyName": "Account",
      "g": {
        "name": "USER_PERMISSION_REQUIRED",
        "modifiers": [
          "static",
          "final"
        ],
        "type": "int",
        "value": "36502"
      },
      "text": "Documents to be completed",
      "hName": "",
      "url": "https://developer.huawei.com/consumer/en/"
    }
  ],
  "modifiers": [
    "final"
  ],
  "type": "class",
  "hName": "",
  "kitName": "Account",
  "status": "dummy"
}