{
  "gName": "com.google.android.gms.auth.api.Auth.AuthCredentialsOptions",
  "interfaces": [
    "com.google.android.gms.common.api.Api.ApiOptions.Optional"
  ],
  "dependencyName": "Account",
  "superClass": "",
  "methods": [
    {
      "correspondingStatus": "notSupport",
      "dependencyName": "Account",
      "g": {
        "exceptions": [],
        "modifiers": [],
        "name": "equals",
        "paramTypes": [
          {
            "pos": "0",
            "type": "java.lang.Object"
          }
        ],
        "retType": "boolean"
      },
      "text": "Documents to be completed",
      "hName": "",
      "url": "https://developer.huawei.com/consumer/en/"
    },
    {
      "correspondingStatus": "notSupport",
      "dependencyName": "Account",
      "g": {
        "exceptions": [],
        "modifiers": [],
        "name": "hashCode",
        "paramTypes": [],
        "retType": "int"
      },
      "text": "Documents to be completed",
      "hName": "",
      "url": "https://developer.huawei.com/consumer/en/"
    }
  ],
  "innerClass": true,
  "fields": [],
  "modifiers": [
    "static"
  ],
  "type": "class",
  "hName": "",
  "kitName": "Account",
  "status": "notSupport"
}