{
  "gName": "com.google.android.gms.auth.api.identity.SignInOptions.Builder",
  "interfaces": [],
  "dependencyName": "Account",
  "superClass": "java.lang.Object",
  "methods": [
    {
      "correspondingStatus": "notSupport",
      "dependencyName": "Account",
      "g": {
        "exceptions": [],
        "modifiers": [],
        "name": "build",
        "paramTypes": [],
        "retType": "com.google.android.gms.auth.api.identity.SignInOptions"
      },
      "text": "Documents to be completed",
      "hName": "",
      "url": "https://developer.huawei.com/consumer/en/"
    }
  ],
  "innerClass": true,
  "fields": [],
  "modifiers": [
    "static"
  ],
  "type": "class",
  "hName": "",
  "kitName": "Account",
  "status": "notSupport"
}