{
  "gName": "com.google.android.gms.auth.api.identity.BeginSignInRequest.Builder",
  "interfaces": [],
  "dependencyName": "Account",
  "superClass": "java.lang.Object",
  "methods": [
    {
      "correspondingStatus": "notSupport",
      "dependencyName": "Account",
      "g": {
        "exceptions": [],
        "modifiers": [],
        "name": "Builder",
        "paramTypes": [],
        "retType": ""
      },
      "text": "Documents to be completed",
      "hName": "",
      "url": "https://developer.huawei.com/consumer/en/"
    },
    {
      "correspondingStatus": "notSupport",
      "dependencyName": "Account",
      "g": {
        "exceptions": [],
        "modifiers": [],
        "name": "build",
        "paramTypes": [],
        "retType": "com.google.android.gms.auth.api.identity.BeginSignInRequest"
      },
      "text": "Documents to be completed",
      "hName": "",
      "url": "https://developer.huawei.com/consumer/en/"
    },
    {
      "correspondingStatus": "notSupport",
      "dependencyName": "Account",
      "g": {
        "exceptions": [],
        "modifiers": [],
        "name": "setGoogleIdTokenRequestOptions",
        "paramTypes": [
          {
            "pos": "0",
            "type": "com.google.android.gms.auth.api.identity.BeginSignInRequest.GoogleIdTokenRequestOptions"
          }
        ],
        "retType": "com.google.android.gms.auth.api.identity.BeginSignInRequest.Builder"
      },
      "text": "Documents to be completed",
      "hName": "",
      "url": "https://developer.huawei.com/consumer/en/"
    },
    {
      "correspondingStatus": "notSupport",
      "dependencyName": "Account",
      "g": {
        "exceptions": [],
        "modifiers": [],
        "name": "setPasswordRequestOptions",
        "paramTypes": [
          {
            "pos": "0",
            "type": "com.google.android.gms.auth.api.identity.BeginSignInRequest.PasswordRequestOptions"
          }
        ],
        "retType": "com.google.android.gms.auth.api.identity.BeginSignInRequest.Builder"
      },
      "text": "Documents to be completed",
      "hName": "",
      "url": "https://developer.huawei.com/consumer/en/"
    }
  ],
  "innerClass": true,
  "fields": [],
  "modifiers": [
    "static",
    "final"
  ],
  "type": "class",
  "hName": "",
  "kitName": "Account",
  "status": "notSupport"
}