{
  "gName": "com.google.android.gms.auth.api.phone.SmsCodeAutofillClient.PermissionState",
  "interfaces": [
    "java.lang.annotation.Annotation"
  ],
  "dependencyName": "Account",
  "superClass": "",
  "methods": [],
  "innerClass": true,
  "fields": [
    {
      "correspondingStatus": "dummy",
      "dependencyName": "Account",
      "g": {
        "name": "DENIED",
        "modifiers": [
          "static",
          "final"
        ],
        "type": "int",
        "value": "2"
      },
      "text": "Documents to be completed",
      "hName": "",
      "url": "https://developer.huawei.com/consumer/en/"
    },
    {
      "correspondingStatus": "dummy",
      "dependencyName": "Account",
      "g": {
        "name": "GRANTED",
        "modifiers": [
          "static",
          "final"
        ],
        "type": "int",
        "value": "1"
      },
      "text": "Documents to be completed",
      "hName": "",
      "url": "https://developer.huawei.com/consumer/en/"
    },
    {
      "correspondingStatus": "dummy",
      "dependencyName": "Account",
      "g": {
        "name": "NONE",
        "modifiers": [
          "static",
          "final"
        ],
        "type": "int",
        "value": "0"
      },
      "text": "Documents to be completed",
      "hName": "",
      "url": "https://developer.huawei.com/consumer/en/"
    }
  ],
  "modifiers": [
    "static",
    "abstract"
  ],
  "type": "class",
  "hName": "",
  "kitName": "Account",
  "status": "dummy"
}