{
  "gName": "com.google.android.gms.auth.api.identity.BeginSignInResult",
  "interfaces": [
    "android.os.Parcelable"
  ],
  "dependencyName": "Account",
  "superClass": "java.lang.Object",
  "methods": [
    {
      "correspondingStatus": "notSupport",
      "dependencyName": "Account",
      "g": {
        "exceptions": [],
        "modifiers": [],
        "name": "getPendingIntent",
        "paramTypes": [],
        "retType": "android.app.PendingIntent"
      },
      "text": "Documents to be completed",
      "hName": "",
      "url": "https://developer.huawei.com/consumer/en/"
    },
    {
      "correspondingStatus": "notSupport",
      "dependencyName": "Account",
      "g": {
        "exceptions": [],
        "modifiers": [],
        "name": "writeToParcel",
        "paramTypes": [
          {
            "pos": "0",
            "type": "android.os.Parcel"
          },
          {
            "pos": "1",
            "type": "int"
          }
        ],
        "retType": "void"
      },
      "text": "Documents to be completed",
      "hName": "",
      "url": "https://developer.huawei.com/consumer/en/"
    }
  ],
  "innerClass": false,
  "fields": [],
  "modifiers": [
    "final"
  ],
  "type": "class",
  "hName": "",
  "kitName": "Account",
  "status": "notSupport"
}