{
  "gName": "com.google.android.gms.ads.initialization.InitializationStatus",
  "interfaces": [],
  "dependencyName": "Ads",
  "superClass": "",
  "methods": [
    {
      "correspondingStatus": "notSupport",
      "dependencyName": "Ads",
      "g": {
        "exceptions": [],
        "modifiers": [
          "abstract"
        ],
        "name": "getAdapterStatusMap",
        "paramTypes": [],
        "retType": "java.util.Map<java.lang.String, com.google.android.gms.ads.initialization.AdapterStatus>"
      },
      "text": "HMS Core does not provide this method. You are advised to delete it.",
      "hName": "",
      "url": "https://developer.huawei.com/consumer/en/"
    }
  ],
  "innerClass": false,
  "fields": [],
  "modifiers": [],
  "type": "interface",
  "hName": "",
  "kitName": "Ads",
  "status": "notSupport"
}