{
  "gName": "com.google.android.gms.ads.MediaAspectRatio",
  "interfaces": [
    "java.lang.annotation.Annotation"
  ],
  "dependencyName": "Ads",
  "superClass": "",
  "methods": [],
  "innerClass": false,
  "fields": [
    {
      "correspondingStatus": "matching",
      "dependencyName": "Ads",
      "g": {
        "name": "ANY",
        "modifiers": [
          "static",
          "final"
        ],
        "type": "int",
        "value": "1"
      },
      "h": {
        "name": "ASPECT_ANY",
        "modifiers": [],
        "type": "int",
        "value": "1"
      },
      "text": "\"MediaAspectRatio public static final int ANY=1\" will be replaced by \"NativeAdConfiguration.MediaAspect int ASPECT_ANY = 1\"",
      "hName": "com.huawei.hms.ads.nativead.NativeAdConfiguration.MediaAspect",
      "url": "https://developer.huawei.com/consumer/en/"
    },
    {
      "correspondingStatus": "matching",
      "dependencyName": "Ads",
      "g": {
        "name": "LANDSCAPE",
        "modifiers": [
          "static",
          "final"
        ],
        "type": "int",
        "value": "2"
      },
      "h": {
        "name": "ASPECT_LANDSCAPE",
        "modifiers": [],
        "type": "int",
        "value": "2"
      },
      "text": "\"MediaAspectRatio public static final int LANDSCAPE=2\" will be replaced by \"NativeAdConfiguration.MediaAspect int ASPECT_LANDSCAPE = 2\"",
      "hName": "com.huawei.hms.ads.nativead.NativeAdConfiguration.MediaAspect",
      "url": "https://developer.huawei.com/consumer/en/"
    },
    {
      "correspondingStatus": "matching",
      "dependencyName": "Ads",
      "g": {
        "name": "PORTRAIT",
        "modifiers": [
          "static",
          "final"
        ],
        "type": "int",
        "value": "3"
      },
      "h": {
        "name": "ASPECT_PORTRAIT",
        "modifiers": [],
        "type": "int",
        "value": "3"
      },
      "text": "\"MediaAspectRatio public static final int PORTRAIT=3\" will be replaced by \"NativeAdConfiguration.MediaAspect int ASPECT_PORTRAIT = 3\"",
      "hName": "com.huawei.hms.ads.nativead.NativeAdConfiguration.MediaAspect",
      "url": "https://developer.huawei.com/consumer/en/"
    },
    {
      "correspondingStatus": "matching",
      "dependencyName": "Ads",
      "g": {
        "name": "SQUARE",
        "modifiers": [
          "static",
          "final"
        ],
        "type": "int",
        "value": "4"
      },
      "h": {
        "name": "ASPECT_SQUARE",
        "modifiers": [],
        "type": "int",
        "value": "4"
      },
      "text": "\"MediaAspectRatio public static final int SQUARE=4\" will be replaced by \"NativeAdConfiguration.MediaAspect int ASPECT_SQUARE = 4\"",
      "hName": "com.huawei.hms.ads.nativead.NativeAdConfiguration.MediaAspect",
      "url": "https://developer.huawei.com/consumer/en/"
    },
    {
      "correspondingStatus": "matching",
      "dependencyName": "Ads",
      "g": {
        "name": "UNKNOWN",
        "modifiers": [
          "static",
          "final"
        ],
        "type": "int",
        "value": "0"
      },
      "h": {
        "name": "ASPECT_UNKNOWN",
        "modifiers": [],
        "type": "int",
        "value": "0"
      },
      "text": "\"MediaAspectRatio public static final int UNKNOWN=0\" will be replaced by \"NativeAdConfiguration.MediaAspect int ASPECT_UNKNOWN = 0\"",
      "hName": "com.huawei.hms.ads.nativead.NativeAdConfiguration.MediaAspect",
      "url": "https://developer.huawei.com/consumer/en/"
    }
  ],
  "modifiers": [
    "abstract"
  ],
  "type": "annotation",
  "hName": "com.huawei.hms.ads.nativead.NativeAdConfiguration.MediaAspect",
  "kitName": "Ads",
  "status": "matching"
}