{
  "gName": "com.google.android.gms.ads.formats.NativeAd.Image",
  "interfaces": [],
  "dependencyName": "Ads",
  "superClass": "java.lang.Object",
  "methods": [
    {
      "correspondingStatus": "matching",
      "dependencyName": "Ads",
      "g": {
        "exceptions": [],
        "modifiers": [
          "abstract"
        ],
        "name": "getDrawable",
        "paramTypes": [],
        "retType": "android.graphics.drawable.Drawable"
      },
      "h": {
        "exceptions": [],
        "modifiers": [
          "abstract"
        ],
        "name": "getDrawable",
        "paramTypes": [],
        "retType": "android.graphics.drawable.Drawable"
      },
      "text": "Documents to be completed",
      "hName": "com.huawei.hms.ads.Image",
      "url": "https://developer.huawei.com/consumer/en/"
    },
    {
      "correspondingStatus": "matching",
      "dependencyName": "Ads",
      "g": {
        "exceptions": [],
        "modifiers": [
          "abstract"
        ],
        "name": "getScale",
        "paramTypes": [],
        "retType": "double"
      },
      "h": {
        "exceptions": [],
        "modifiers": [
          "abstract"
        ],
        "name": "getScale",
        "paramTypes": [],
        "retType": "double"
      },
      "text": "Documents to be completed",
      "hName": "com.huawei.hms.ads.Image",
      "url": "https://developer.huawei.com/consumer/en/"
    },
    {
      "correspondingStatus": "matching",
      "dependencyName": "Ads",
      "g": {
        "exceptions": [],
        "modifiers": [
          "abstract"
        ],
        "name": "getUri",
        "paramTypes": [],
        "retType": "android.net.Uri"
      },
      "h": {
        "exceptions": [],
        "modifiers": [
          "abstract"
        ],
        "name": "getUri",
        "paramTypes": [],
        "retType": "android.net.Uri"
      },
      "text": "Documents to be completed",
      "hName": "com.huawei.hms.ads.Image",
      "url": "https://developer.huawei.com/consumer/en/"
    },
    {
      "correspondingStatus": "matching",
      "dependencyName": "Ads",
      "g": {
        "exceptions": [],
        "modifiers": [],
        "name": "Image",
        "paramTypes": [],
        "retType": ""
      },
      "h": {
        "exceptions": [],
        "modifiers": [],
        "name": "Image",
        "paramTypes": [],
        "retType": ""
      },
      "text": "Documents to be completed",
      "hName": "com.huawei.hms.ads.Image",
      "url": "https://developer.huawei.com/consumer/en/"
    }
  ],
  "innerClass": true,
  "fields": [],
  "modifiers": [
    "static",
    "abstract"
  ],
  "type": "class",
  "hName": "com.huawei.hms.ads.Image",
  "kitName": "Ads",
  "status": "matching"
}