{
  "gName": "com.google.android.gms.ads.MobileAds",
  "interfaces": [],
  "dependencyName": "Ads",
  "superClass": "java.lang.Object",
  "methods": [
    {
      "correspondingStatus": "notSupport",
      "dependencyName": "Ads",
      "g": {
        "exceptions": [],
        "modifiers": [
          "static"
        ],
        "name": "getInitializationStatus",
        "paramTypes": [],
        "retType": "com.google.android.gms.ads.initialization.InitializationStatus"
      },
      "text": "HMS Core does not provide this method. You are advised to delete it.",
      "hName": "",
      "url": "https://developer.huawei.com/consumer/en/"
    },
    {
      "correspondingStatus": "matching",
      "dependencyName": "Ads",
      "g": {
        "exceptions": [],
        "modifiers": [
          "static"
        ],
        "name": "getRequestConfiguration",
        "paramTypes": [],
        "retType": "com.google.android.gms.ads.RequestConfiguration"
      },
      "h": {
        "exceptions": [],
        "modifiers": [
          "static"
        ],
        "name": "getRequestOptions",
        "paramTypes": [],
        "retType": "com.huawei.hms.ads.RequestOptions"
      },
      "text": "Documents to be completed",
      "hName": "com.huawei.hms.ads.HwAds",
      "url": "https://developer.huawei.com/consumer/en/"
    },
    {
      "correspondingStatus": "matching",
      "dependencyName": "Ads",
      "g": {
        "exceptions": [],
        "modifiers": [
          "static"
        ],
        "name": "getRewardedVideoAdInstance",
        "paramTypes": [
          {
            "pos": "0",
            "type": "android.content.Context"
          }
        ],
        "retType": "com.google.android.gms.ads.reward.RewardedVideoAd"
      },
      "h": {
        "exceptions": [],
        "modifiers": [
          "static"
        ],
        "name": "createRewardAdInstance",
        "paramTypes": [
          {
            "pos": "0",
            "type": "android.content.Context"
          }
        ],
        "retType": "com.huawei.hms.ads.reward.RewardAd"
      },
      "text": "Documents to be completed",
      "hName": "com.huawei.hms.ads.reward.RewardAd",
      "url": "https://developer.huawei.com/consumer/en/"
    },
    {
      "correspondingStatus": "matching",
      "dependencyName": "Ads",
      "g": {
        "exceptions": [],
        "modifiers": [
          "static"
        ],
        "name": "getVersionString",
        "paramTypes": [],
        "retType": "java.lang.String"
      },
      "h": {
        "exceptions": [],
        "modifiers": [
          "static"
        ],
        "name": "getSDKVersion",
        "paramTypes": [],
        "retType": "java.lang.String"
      },
      "text": "Documents to be completed",
      "hName": "com.huawei.hms.ads.HwAds",
      "url": "https://developer.huawei.com/consumer/en/"
    },
    {
      "correspondingStatus": "matching",
      "dependencyName": "Ads",
      "g": {
        "exceptions": [],
        "modifiers": [
          "static"
        ],
        "name": "initialize",
        "paramTypes": [
          {
            "pos": "0",
            "type": "android.content.Context"
          },
          {
            "pos": "1",
            "type": "java.lang.String"
          }
        ],
        "retType": "void"
      },
      "h": {
        "exceptions": [],
        "modifiers": [
          "static"
        ],
        "name": "init",
        "paramTypes": [
          {
            "pos": "0",
            "type": "android.content.Context"
          },
          {
            "pos": "1",
            "type": "java.lang.String"
          }
        ],
        "retType": "void"
      },
      "text": "Documents to be completed",
      "hName": "com.huawei.hms.ads.HwAds",
      "url": "https://developer.huawei.com/consumer/en/"
    },
    {
      "correspondingStatus": "matching",
      "dependencyName": "Ads",
      "g": {
        "exceptions": [],
        "modifiers": [
          "static"
        ],
        "name": "initialize",
        "paramTypes": [
          {
            "pos": "0",
            "type": "android.content.Context"
          }
        ],
        "retType": "void"
      },
      "h": {
        "exceptions": [],
        "modifiers": [
          "static"
        ],
        "name": "init",
        "paramTypes": [
          {
            "pos": "0",
            "type": "android.content.Context"
          }
        ],
        "retType": "void"
      },
      "text": "Documents to be completed",
      "hName": "com.huawei.hms.ads.HwAds",
      "url": "https://developer.huawei.com/consumer/en/"
    },
    {
      "correspondingStatus": "matching",
      "newParams": ["noNewParamValues"],
      "dependencyName": "Ads",
      "g": {
        "exceptions": [],
        "modifiers": [
          "static",
          "synchronized"
        ],
        "name": "initialize",
        "paramTypes": [
          {
            "pos": "0",
            "type": "android.content.Context"
          },
          {
            "pos": "1",
            "type": "java.lang.String"
          },
          {
            "pos": "2",
            "type": "com.google.android.gms.ads.MobileAds.Settings"
          }
        ],
        "retType": "void"
      },
      "h": {
        "exceptions": [],
        "modifiers": [
          "static"
        ],
        "name": "init",
        "paramTypes": [
          {
            "pos": "0",
            "type": "android.content.Context"
          },
          {
            "pos": "1",
            "type": "java.lang.String"
          }
        ],
        "retType": "void"
      },
      "oldIndex": ["0","1"],
      "text": "Documents to be completed",
      "hName": "com.huawei.hms.ads.HwAds",
      "url": "https://developer.huawei.com/consumer/en/"
    },
    {
      "correspondingStatus": "matching",
      "newParams": ["noNewParamValues"],
      "dependencyName": "Ads",
      "g": {
        "exceptions": [],
        "modifiers": [
          "static"
        ],
        "name": "initialize",
        "paramTypes": [
          {
            "pos": "0",
            "type": "android.content.Context"
          },
          {
            "pos": "1",
            "type": "com.google.android.gms.ads.initialization.OnInitializationCompleteListener"
          }
        ],
        "retType": "void"
      },
      "h": {
        "exceptions": [],
        "modifiers": [
          "static"
        ],
        "name": "init",
        "paramTypes": [
          {
            "pos": "0",
            "type": "android.content.Context"
          }
        ],
        "retType": "void"
      },
      "oldIndex": ["0"],
      "text": "Documents to be completed",
      "hName": "com.huawei.hms.ads.HwAds",
      "url": "https://developer.huawei.com/consumer/en/"
    },
    {
      "correspondingStatus": "notSupport",
      "dependencyName": "Ads",
      "g": {
        "exceptions": [],
        "modifiers": [
          "static"
        ],
        "name": "openDebugMenu",
        "paramTypes": [
          {
            "pos": "0",
            "type": "android.content.Context"
          },
          {
            "pos": "1",
            "type": "java.lang.String"
          }
        ],
        "retType": "void"
      },
      "text": "HMS Core does not provide this method. You are advised to delete it.",
      "hName": "",
      "url": "https://developer.huawei.com/consumer/en/"
    },
    {
      "correspondingStatus": "matching",
      "dependencyName": "Ads",
      "g": {
        "exceptions": [],
        "modifiers": [
          "static"
        ],
        "name": "setAppMuted",
        "paramTypes": [
          {
            "pos": "0",
            "type": "boolean"
          }
        ],
        "retType": "void"
      },
      "h": {
        "exceptions": [],
        "modifiers": [
          "static"
        ],
        "name": "setVideoMuted",
        "paramTypes": [
          {
            "pos": "0",
            "type": "boolean"
          }
        ],
        "retType": "void"
      },
      "text": "Documents to be completed",
      "hName": "com.huawei.hms.ads.HwAds",
      "url": "https://developer.huawei.com/consumer/en/"
    },
    {
      "correspondingStatus": "matching",
      "dependencyName": "Ads",
      "g": {
        "exceptions": [],
        "modifiers": [
          "static"
        ],
        "name": "setAppVolume",
        "paramTypes": [
          {
            "pos": "0",
            "type": "float"
          }
        ],
        "retType": "void"
      },
      "h": {
        "exceptions": [],
        "modifiers": [
          "static"
        ],
        "name": "setVideoVolume",
        "paramTypes": [
          {
            "pos": "0",
            "type": "float"
          }
        ],
        "retType": "void"
      },
      "text": "Documents to be completed",
      "hName": "com.huawei.hms.ads.HwAds",
      "url": "https://developer.huawei.com/consumer/en/"
    },
    {
      "correspondingStatus": "matching",
      "dependencyName": "Ads",
      "g": {
        "exceptions": [],
        "modifiers": [
          "static"
        ],
        "name": "setRequestConfiguration",
        "paramTypes": [
          {
            "pos": "0",
            "type": "com.google.android.gms.ads.RequestConfiguration"
          }
        ],
        "retType": "void"
      },
      "h": {
        "exceptions": [],
        "modifiers": [
          "static"
        ],
        "name": "setRequestOptions",
        "paramTypes": [
          {
            "pos": "0",
            "type": "com.huawei.hms.ads.RequestOptions"
          }
        ],
        "retType": "void"
      },
      "text": "Documents to be completed",
      "hName": "com.huawei.hms.ads.HwAds",
      "url": "https://developer.huawei.com/consumer/en/"
    }
  ],
  "innerClass": false,
  "fields": [],
  "modifiers": [],
  "type": "class",
  "hName": "com.huawei.hms.ads.HwAds",
  "kitName": "Ads",
  "status": "improve"
}