{
  "gName": "com.google.android.gms.ads.appopen.AppOpenAd",
  "interfaces": [],
  "dependencyName": "Ads",
  "superClass": "java.lang.Object",
  "methods": [
    {
      "correspondingStatus": "notSupport",
      "dependencyName": "Ads",
      "g": {
        "exceptions": [],
        "modifiers": [
          "static"
        ],
        "name": "load",
        "paramTypes": [
          {
            "pos": "0",
            "type": "android.content.Context"
          },
          {
            "pos": "1",
            "type": "java.lang.String"
          },
          {
            "pos": "2",
            "type": "com.google.android.gms.ads.AdRequest"
          },
          {
            "pos": "3",
            "type": "int"
          },
          {
            "pos": "4",
            "type": "com.google.android.gms.ads.appopen.AppOpenAd.AppOpenAdLoadCallback"
          }
        ],
        "retType": "void"
      },
      "text": "HMS Core does not provide this method. You are advised to delete it.",
      "hName": "",
      "url": "https://developer.huawei.com/consumer/en/"
    },
    {
      "correspondingStatus": "notSupport",
      "dependencyName": "Ads",
      "g": {
        "exceptions": [],
        "modifiers": [
          "static"
        ],
        "name": "load",
        "paramTypes": [
          {
            "pos": "0",
            "type": "android.content.Context"
          },
          {
            "pos": "1",
            "type": "java.lang.String"
          },
          {
            "pos": "2",
            "type": "com.google.android.gms.ads.doubleclick.PublisherAdRequest"
          },
          {
            "pos": "3",
            "type": "int"
          },
          {
            "pos": "4",
            "type": "com.google.android.gms.ads.appopen.AppOpenAd.AppOpenAdLoadCallback"
          }
        ],
        "retType": "void"
      },
      "text": "HMS Core does not provide this method. You are advised to delete it.",
      "hName": "",
      "url": "https://developer.huawei.com/consumer/en/"
    },
    {
      "correspondingStatus": "notSupport",
      "dependencyName": "Ads",
      "g": {
        "exceptions": [],
        "modifiers": [],
        "name": "AppOpenAd",
        "paramTypes": [],
        "retType": ""
      },
      "text": "HMS Core does not provide this method. You are advised to delete it.",
      "hName": "",
      "url": "https://developer.huawei.com/consumer/en/"
    }
  ],
  "innerClass": false,
  "fields": [
    {
      "correspondingStatus": "notSupport",
      "dependencyName": "Ads",
      "g": {
        "name": "APP_OPEN_AD_ORIENTATION_LANDSCAPE",
        "modifiers": [
          "static",
          "final"
        ],
        "type": "int",
        "value": "2"
      },
      "text": "HMS Core does not provide this method. You are advised to delete it.",
      "hName": "",
      "url": "https://developer.huawei.com/consumer/en/"
    },
    {
      "correspondingStatus": "notSupport",
      "dependencyName": "Ads",
      "g": {
        "name": "APP_OPEN_AD_ORIENTATION_PORTRAIT",
        "modifiers": [
          "static",
          "final"
        ],
        "type": "int",
        "value": "1"
      },
      "text": "HMS Core does not provide this method. You are advised to delete it.",
      "hName": "",
      "url": "https://developer.huawei.com/consumer/en/"
    }
  ],
  "modifiers": [
    "abstract"
  ],
  "type": "class",
  "hName": "",
  "kitName": "Ads",
  "status": "notSupport"
}