{
  "gName": "com.google.android.gms.ads.doubleclick.PublisherInterstitialAd",
  "interfaces": [],
  "dependencyName": "Ads",
  "superClass": "java.lang.Object",
  "methods": [
    {
      "correspondingStatus": "matching",
      "dependencyName": "Ads",
      "g": {
        "exceptions": [],
        "modifiers": [
          "final"
        ],
        "name": "getAdListener",
        "paramTypes": [],
        "retType": "com.google.android.gms.ads.AdListener"
      },
      "h": {
        "exceptions": [],
        "modifiers": [
          "final"
        ],
        "name": "getAdListener",
        "paramTypes": [],
        "retType": "com.huawei.hms.ads.AdListener"
      },
      "text": "Documents to be completed",
      "hName": "com.huawei.hms.ads.InterstitialAd",
      "url": "https://developer.huawei.com/consumer/en/"
    },
    {
      "correspondingStatus": "matching",
      "dependencyName": "Ads",
      "g": {
        "exceptions": [],
        "modifiers": [
          "final"
        ],
        "name": "getAdUnitId",
        "paramTypes": [],
        "retType": "java.lang.String"
      },
      "h": {
        "exceptions": [],
        "modifiers": [
          "final"
        ],
        "name": "getAdId",
        "paramTypes": [],
        "retType": "java.lang.String"
      },
      "text": "Documents to be completed",
      "hName": "com.huawei.hms.ads.InterstitialAd",
      "url": "https://developer.huawei.com/consumer/en/"
    },
    {
      "correspondingStatus": "notSupport",
      "dependencyName": "Ads",
      "g": {
        "exceptions": [],
        "modifiers": [
          "final"
        ],
        "name": "getAppEventListener",
        "paramTypes": [],
        "retType": "com.google.android.gms.ads.doubleclick.AppEventListener"
      },
      "text": "HMS Core does not provide this method. You are advised to replace it with InterstitialAd.",
      "hName": "",
      "url": "https://developer.huawei.com/consumer/en/"
    },
    {
      "correspondingStatus": "notSupport",
      "dependencyName": "Ads",
      "g": {
        "exceptions": [],
        "modifiers": [
          "final"
        ],
        "name": "getMediationAdapterClassName",
        "paramTypes": [],
        "retType": "java.lang.String"
      },
      "text": "HMS Core does not provide this method. You are advised to replace it with InterstitialAd.",
      "hName": "",
      "url": "https://developer.huawei.com/consumer/en/"
    },
    {
      "correspondingStatus": "notSupport",
      "dependencyName": "Ads",
      "g": {
        "exceptions": [],
        "modifiers": [
          "final"
        ],
        "name": "getOnCustomRenderedAdLoadedListener",
        "paramTypes": [],
        "retType": "com.google.android.gms.ads.doubleclick.OnCustomRenderedAdLoadedListener"
      },
      "text": "HMS Core does not provide this method. You are advised to replace it with InterstitialAd.",
      "hName": "",
      "url": "https://developer.huawei.com/consumer/en/"
    },
    {
      "correspondingStatus": "matching",
      "dependencyName": "Ads",
      "g": {
        "exceptions": [],
        "modifiers": [
          "final"
        ],
        "name": "isLoaded",
        "paramTypes": [],
        "retType": "boolean"
      },
      "h": {
        "exceptions": [],
        "modifiers": [
          "final"
        ],
        "name": "isLoaded",
        "paramTypes": [],
        "retType": "boolean"
      },
      "text": "Documents to be completed",
      "hName": "com.huawei.hms.ads.InterstitialAd",
      "url": "https://developer.huawei.com/consumer/en/"
    },
    {
      "correspondingStatus": "matching",
      "dependencyName": "Ads",
      "g": {
        "exceptions": [],
        "modifiers": [
          "final"
        ],
        "name": "isLoading",
        "paramTypes": [],
        "retType": "boolean"
      },
      "h": {
        "exceptions": [],
        "modifiers": [
          "final"
        ],
        "name": "isLoading",
        "paramTypes": [],
        "retType": "boolean"
      },
      "text": "Documents to be completed",
      "hName": "com.huawei.hms.ads.InterstitialAd",
      "url": "https://developer.huawei.com/consumer/en/"
    },
    {
      "correspondingStatus": "notSupport",
      "dependencyName": "Ads",
      "g": {
        "exceptions": [],
        "modifiers": [
          "final"
        ],
        "name": "loadAd",
        "paramTypes": [
          {
            "pos": "0",
            "type": "com.google.android.gms.ads.doubleclick.PublisherAdRequest"
          }
        ],
        "retType": "void"
      },
      "text": "HMS Core does not provide this method. You are advised to replace it with InterstitialAd.",
      "hName": "",
      "url": "https://developer.huawei.com/consumer/en/"
    },
    {
      "correspondingStatus": "matching",
      "dependencyName": "Ads",
      "g": {
        "exceptions": [],
        "modifiers": [
          "final"
        ],
        "name": "setAdListener",
        "paramTypes": [
          {
            "pos": "0",
            "type": "com.google.android.gms.ads.AdListener"
          }
        ],
        "retType": "void"
      },
      "h": {
        "exceptions": [],
        "modifiers": [
          "final"
        ],
        "name": "setAdListener",
        "paramTypes": [
          {
            "pos": "0",
            "type": "com.huawei.hms.ads.AdListener"
          }
        ],
        "retType": "void"
      },
      "text": "HMS Core does not provide this method. You are advised to delete it.",
      "hName": "com.huawei.hms.ads.InterstitialAd",
      "url": "https://developer.huawei.com/consumer/en/"
    },
    {
      "correspondingStatus": "matching",
      "dependencyName": "Ads",
      "g": {
        "exceptions": [],
        "modifiers": [
          "final"
        ],
        "name": "setAdUnitId",
        "paramTypes": [
          {
            "pos": "0",
            "type": "java.lang.String"
          }
        ],
        "retType": "void"
      },
      "h": {
        "exceptions": [],
        "modifiers": [
          "final"
        ],
        "name": "setAdId",
        "paramTypes": [
          {
            "pos": "0",
            "type": "java.lang.String"
          }
        ],
        "retType": "void"
      },
      "text": "HMS Core does not provide this method. You are advised to delete it.",
      "hName": "com.huawei.hms.ads.InterstitialAd",
      "url": "https://developer.huawei.com/consumer/en/"
    },
    {
      "correspondingStatus": "notSupport",
      "dependencyName": "Ads",
      "g": {
        "exceptions": [],
        "modifiers": [
          "final"
        ],
        "name": "setAppEventListener",
        "paramTypes": [
          {
            "pos": "0",
            "type": "com.google.android.gms.ads.doubleclick.AppEventListener"
          }
        ],
        "retType": "void"
      },
      "text": "HMS Core does not provide this method. You are advised to replace it with InterstitialAd.",
      "hName": "",
      "url": "https://developer.huawei.com/consumer/en/"
    },
    {
      "correspondingStatus": "notSupport",
      "dependencyName": "Ads",
      "g": {
        "exceptions": [],
        "modifiers": [
          "final"
        ],
        "name": "setImmersiveMode",
        "paramTypes": [
          {
            "pos": "0",
            "type": "boolean"
          }
        ],
        "retType": "void"
      },
      "text": "HMS Core does not provide this method. You are advised to replace it with InterstitialAd.",
      "hName": "",
      "url": "https://developer.huawei.com/consumer/en/"
    },
    {
      "correspondingStatus": "notSupport",
      "dependencyName": "Ads",
      "g": {
        "exceptions": [],
        "modifiers": [
          "final"
        ],
        "name": "setOnCustomRenderedAdLoadedListener",
        "paramTypes": [
          {
            "pos": "0",
            "type": "com.google.android.gms.ads.doubleclick.OnCustomRenderedAdLoadedListener"
          }
        ],
        "retType": "void"
      },
      "text": "HMS Core does not provide this method. You are advised to replace it with InterstitialAd.",
      "hName": "",
      "url": "https://developer.huawei.com/consumer/en/"
    },
    {
      "correspondingStatus": "matching",
      "dependencyName": "Ads",
      "g": {
        "exceptions": [],
        "modifiers": [
          "final"
        ],
        "name": "show",
        "paramTypes": [],
        "retType": "void"
      },
      "h": {
        "exceptions": [],
        "modifiers": [
          "final"
        ],
        "name": "show",
        "paramTypes": [],
        "retType": "void"
      },
      "text": "HMS Core does not provide this method. You are advised to delete it.",
      "hName": "com.huawei.hms.ads.InterstitialAd",
      "url": "https://developer.huawei.com/consumer/en/"
    },
    {
      "correspondingStatus": "matching",
      "dependencyName": "Ads",
      "g": {
        "exceptions": [],
        "modifiers": [],
        "name": "PublisherInterstitialAd",
        "paramTypes": [
          {
            "pos": "0",
            "type": "android.content.Context"
          }
        ],
        "retType": ""
      },
      "h": {
        "exceptions": [],
        "modifiers": [],
        "name": "InterstitialAd",
        "paramTypes": [
          {
            "pos": "0",
            "type": "android.content.Context"
          }
        ],
        "retType": ""
      },
      "text": "Documents to be completed",
      "hName": "com.huawei.hms.ads.InterstitialAd",
      "url": "https://developer.huawei.com/consumer/en/"
    }
  ],
  "innerClass": false,
  "fields": [],
  "modifiers": [
    "final"
  ],
  "type": "class",
  "hName": "com.huawei.hms.ads.InterstitialAd",
  "kitName": "Ads",
  "status": "matching"
}