{
  "gName": "com.google.android.gms.ads.formats.NativeContentAd",
  "interfaces": [],
  "dependencyName": "Ads",
  "superClass": "com.google.android.gms.ads.formats.NativeAd",
  "methods": [
    {
      "correspondingStatus": "matching",
      "dependencyName": "Ads",
      "g": {
        "exceptions": [],
        "modifiers": [
          "abstract"
        ],
        "name": "destroy",
        "paramTypes": [],
        "retType": "void"
      },
      "h": {
        "exceptions": [],
        "modifiers": [
          "abstract"
        ],
        "name": "destroy",
        "paramTypes": [],
        "retType": "void"
      },
      "text": "Documents to be completed",
      "hName": "com.huawei.hms.ads.nativead.NativeAd",
      "url": "https://developer.huawei.com/consumer/en/"
    },
    {
      "correspondingStatus": "matching",
      "dependencyName": "Ads",
      "g": {
        "exceptions": [],
        "modifiers": [
          "abstract"
        ],
        "name": "getAdChoicesInfo",
        "paramTypes": [],
        "retType": "com.google.android.gms.ads.formats.NativeAd.AdChoicesInfo"
      },
      "h": {
        "exceptions": [],
        "modifiers": [
          "abstract"
        ],
        "name": "getChoicesInfo",
        "paramTypes": [],
        "retType": "com.huawei.hms.ads.nativead.NativeAd.ChoicesInfo"
      },
      "text": "Documents to be completed",
      "hName": "com.huawei.hms.ads.nativead.NativeAd",
      "url": "https://developer.huawei.com/consumer/en/"
    },
    {
      "correspondingStatus": "matching",
      "dependencyName": "Ads",
      "g": {
        "exceptions": [],
        "modifiers": [
          "abstract"
        ],
        "name": "getAdvertiser",
        "paramTypes": [],
        "retType": "java.lang.CharSequence"
      },
      "h": {
        "exceptions": [],
        "modifiers": [
          "abstract"
        ],
        "name": "getAdSource",
        "paramTypes": [],
        "retType": "java.lang.String"
      },
      "text": "Documents to be completed",
      "hName": "com.huawei.hms.ads.nativead.NativeAd",
      "url": "https://developer.huawei.com/consumer/en/"
    },
    {
      "correspondingStatus": "matching",
      "dependencyName": "Ads",
      "g": {
        "exceptions": [],
        "modifiers": [
          "abstract"
        ],
        "name": "getBody",
        "paramTypes": [],
        "retType": "java.lang.CharSequence"
      },
      "h": {
        "exceptions": [],
        "modifiers": [
          "abstract"
        ],
        "name": "getDescription",
        "paramTypes": [],
        "retType": "java.lang.String"
      },
      "text": "Documents to be completed",
      "hName": "com.huawei.hms.ads.nativead.NativeAd",
      "url": "https://developer.huawei.com/consumer/en/"
    },
    {
      "correspondingStatus": "matching",
      "dependencyName": "Ads",
      "g": {
        "exceptions": [],
        "modifiers": [
          "abstract"
        ],
        "name": "getCallToAction",
        "paramTypes": [],
        "retType": "java.lang.CharSequence"
      },
      "h": {
        "exceptions": [],
        "modifiers": [
          "abstract"
        ],
        "name": "getCallToAction",
        "paramTypes": [],
        "retType": "java.lang.String"
      },
      "text": "Documents to be completed",
      "hName": "com.huawei.hms.ads.nativead.NativeAd",
      "url": "https://developer.huawei.com/consumer/en/"
    },
    {
      "correspondingStatus": "matching",
      "dependencyName": "Ads",
      "g": {
        "exceptions": [],
        "modifiers": [
          "abstract"
        ],
        "name": "getExtras",
        "paramTypes": [],
        "retType": "android.os.Bundle"
      },
      "h": {
        "exceptions": [],
        "modifiers": [
          "abstract"
        ],
        "name": "getExtraBundle",
        "paramTypes": [],
        "retType": "android.os.Bundle"
      },
      "text": "Documents to be completed",
      "hName": "com.huawei.hms.ads.nativead.NativeAd",
      "url": "https://developer.huawei.com/consumer/en/"
    },
    {
      "correspondingStatus": "matching",
      "dependencyName": "Ads",
      "g": {
        "exceptions": [],
        "modifiers": [
          "abstract"
        ],
        "name": "getHeadline",
        "paramTypes": [],
        "retType": "java.lang.CharSequence"
      },
      "h": {
        "exceptions": [],
        "modifiers": [
          "abstract"
        ],
        "name": "getTitle",
        "paramTypes": [],
        "retType": "java.lang.String"
      },
      "text": "Documents to be completed",
      "hName": "com.huawei.hms.ads.nativead.NativeAd",
      "url": "https://developer.huawei.com/consumer/en/"
    },
    {
      "correspondingStatus": "matching",
      "dependencyName": "Ads",
      "g": {
        "exceptions": [],
        "modifiers": [
          "abstract"
        ],
        "name": "getImages",
        "paramTypes": [],
        "retType": "java.util.List<com.google.android.gms.ads.formats.NativeAd.Image>"
      },
      "h": {
        "exceptions": [],
        "modifiers": [
          "abstract"
        ],
        "name": "getImages",
        "paramTypes": [],
        "retType": "java.util.List<com.huawei.hms.ads.Image>"
      },
      "text": "Documents to be completed",
      "hName": "com.huawei.hms.ads.nativead.NativeAd",
      "url": "https://developer.huawei.com/consumer/en/"
    },
    {
      "correspondingStatus": "matching",
      "dependencyName": "Ads",
      "g": {
        "exceptions": [],
        "modifiers": [
          "abstract"
        ],
        "name": "getLogo",
        "paramTypes": [],
        "retType": "com.google.android.gms.ads.formats.NativeAd.Image"
      },
      "h": {
        "exceptions": [],
        "modifiers": [
          "abstract"
        ],
        "name": "getIcon",
        "paramTypes": [],
        "retType": "com.huawei.hms.ads.Image"
      },
      "text": "Documents to be completed",
      "hName": "com.huawei.hms.ads.nativead.NativeAd",
      "url": "https://developer.huawei.com/consumer/en/"
    },
    {
      "correspondingStatus": "notSupport",
      "dependencyName": "Ads",
      "g": {
        "exceptions": [],
        "modifiers": [
          "abstract"
        ],
        "name": "getMediationAdapterClassName",
        "paramTypes": [],
        "retType": "java.lang.CharSequence"
      },
      "text": "HMS Core does not provide this method. You are advised to delete it.",
      "hName": "",
      "url": "https://developer.huawei.com/consumer/en/"
    },
    {
      "correspondingStatus": "matching",
      "dependencyName": "Ads",
      "g": {
        "exceptions": [],
        "modifiers": [
          "abstract"
        ],
        "name": "getVideoController",
        "paramTypes": [],
        "retType": "com.google.android.gms.ads.VideoController"
      },
      "h": {
        "exceptions": [],
        "modifiers": [
          "abstract"
        ],
        "name": "getVideoOperator",
        "paramTypes": [],
        "retType": "com.huawei.hms.ads.VideoOperator"
      },
      "text": "Documents to be completed",
      "hName": "com.huawei.hms.ads.nativead.NativeAd",
      "url": "https://developer.huawei.com/consumer/en/"
    },
    {
      "correspondingStatus": "matching",
      "dependencyName": "Ads",
      "g": {
        "exceptions": [],
        "modifiers": [],
        "name": "NativeContentAd",
        "paramTypes": [],
        "retType": ""
      },
      "h": {
        "exceptions": [],
        "modifiers": [],
        "name": "NativeAd",
        "paramTypes": [],
        "retType": ""
      },
      "text": "Documents to be completed",
      "hName": "com.huawei.hms.ads.nativead.NativeAd",
      "url": "https://developer.huawei.com/consumer/en/"
    }
  ],
  "innerClass": false,
  "fields": [
    {
      "correspondingStatus": "matching",
      "dependencyName": "Ads",
      "g": {
        "name": "ASSET_ADVERTISER",
        "modifiers": [
          "static",
          "final"
        ],
        "type": "java.lang.String",
        "value": "1004"
      },
      "h": {
        "name": "AD_SOURCE",
        "modifiers": [],
        "type": "java.lang.String",
        "value": "5"
      },
      "text": "\"NativeContentAd public static final java.lang.String ASSET_ADVERTISER = 1004\" will be replaced by \"NativeAdAssetNames java.lang.String AD_SOURCE = \"5\"\"",
      "hName": "com.huawei.hms.ads.nativead.NativeAdAssetNames",
      "url": "https://developer.huawei.com/consumer/en/"
    },
    {
      "correspondingStatus": "matching",
      "dependencyName": "Ads",
      "g": {
        "name": "ASSET_ATTRIBUTION_ICON_IMAGE",
        "modifiers": [
          "static",
          "final"
        ],
        "type": "java.lang.String",
        "value": "1007"
      },
      "h": {
        "name": "ICON",
        "modifiers": [],
        "type": "java.lang.String",
        "value": "3"
      },
      "text": "\"NativeContentAd public static final java.lang.String ASSET_ATTRIBUTION_ICON_IMAGE = 1007\" will be replaced by \"NativeAdAssetNames java.lang.String ICON = \"3\"\"",
      "hName": "com.huawei.hms.ads.nativead.NativeAdAssetNames",
      "url": "https://developer.huawei.com/consumer/en/"
    },
    {
      "correspondingStatus": "matching",
      "dependencyName": "Ads",
      "g": {
        "name": "ASSET_BODY",
        "modifiers": [
          "static",
          "final"
        ],
        "type": "java.lang.String",
        "value": "1002"
      },
      "h": {
        "name": "DESC",
        "modifiers": [],
        "type": "java.lang.String",
        "value": "4"
      },
      "text": "\"NativeContentAd public static final java.lang.String ASSET_BODY = 1002\" will be replaced by \"NativeAdAssetNames java.lang.String DESC = \"4\"\"",
      "hName": "com.huawei.hms.ads.nativead.NativeAdAssetNames",
      "url": "https://developer.huawei.com/consumer/en/"
    },
    {
      "correspondingStatus": "matching",
      "dependencyName": "Ads",
      "g": {
        "name": "ASSET_CALL_TO_ACTION",
        "modifiers": [
          "static",
          "final"
        ],
        "type": "java.lang.String",
        "value": "1003"
      },
      "h": {
        "name": "CALL_TO_ACTION",
        "modifiers": [],
        "type": "java.lang.String",
        "value": "2"
      },
      "text": "\"NativeContentAd public static final java.lang.String ASSET_CALL_TO_ACTION = 1003\" will be replaced by \"NativeAdAssetNames java.lang.String CALL_TO_ACTION = \"2\"\"",
      "hName": "com.huawei.hms.ads.nativead.NativeAdAssetNames",
      "url": "https://developer.huawei.com/consumer/en/"
    },
    {
      "correspondingStatus": "matching",
      "dependencyName": "Ads",
      "g": {
        "name": "ASSET_HEADLINE",
        "modifiers": [
          "static",
          "final"
        ],
        "type": "java.lang.String",
        "value": "1001"
      },
      "h": {
        "name": "TITLE",
        "modifiers": [],
        "type": "java.lang.String",
        "value": "1"
      },
      "text": "\"NativeContentAd public static final java.lang.String ASSET_HEADLINE = 1001\" will be replaced by \"NativeAdAssetNames java.lang.String TITLE = \"1\"\"",
      "hName": "com.huawei.hms.ads.nativead.NativeAdAssetNames",
      "url": "https://developer.huawei.com/consumer/en/"
    },
    {
      "correspondingStatus": "matching",
      "dependencyName": "Ads",
      "g": {
        "name": "ASSET_IMAGE",
        "modifiers": [
          "static",
          "final"
        ],
        "type": "java.lang.String",
        "value": "1005"
      },
      "h": {
        "name": "IMAGE",
        "modifiers": [],
        "type": "java.lang.String",
        "value": "8"
      },
      "text": "\"NativeContentAd public static final java.lang.String ASSET_IMAGE = 1005\" will be replaced by \"NativeAdAssetNames java.lang.String IMAGE = \"8\"\"",
      "hName": "com.huawei.hms.ads.nativead.NativeAdAssetNames",
      "url": "https://developer.huawei.com/consumer/en/"
    },
    {
      "correspondingStatus": "matching",
      "dependencyName": "Ads",
      "g": {
        "name": "ASSET_LOGO",
        "modifiers": [
          "static",
          "final"
        ],
        "type": "java.lang.String",
        "value": "1006"
      },
      "h": {
        "name": "ICON",
        "modifiers": [],
        "type": "java.lang.String",
        "value": "3"
      },
      "text": "\"NativeContentAd public static final java.lang.String ASSET_LOGO = 1006\" will be replaced by \"NativeAdAssetNames java.lang.String ICON = \"3\"\"",
      "hName": "com.huawei.hms.ads.nativead.NativeAdAssetNames",
      "url": "https://developer.huawei.com/consumer/en/"
    },
    {
      "correspondingStatus": "matching",
      "dependencyName": "Ads",
      "g": {
        "name": "ASSET_MEDIA_VIDEO",
        "modifiers": [
          "static",
          "final"
        ],
        "type": "java.lang.String",
        "value": "1009"
      },
      "h": {
        "name": "MEDIA_VIDEO",
        "modifiers": [],
        "type": "java.lang.String",
        "value": "10"
      },
      "text": "\"NativeContentAd public static final java.lang.String ASSET_MEDIA_VIDEO = 1009\" will be replaced by \"NativeAdAssetNames java.lang.String MEDIA_VIDEO = \"10\"\"",
      "hName": "com.huawei.hms.ads.nativead.NativeAdAssetNames",
      "url": "https://developer.huawei.com/consumer/en/"
    }
  ],
  "modifiers": [
    "abstract"
  ],
  "type": "class",
  "hName": "com.huawei.hms.ads.nativead.NativeAd",
  "kitName": "Ads",
  "status": "improve"
}