{
  "gName": "com.google.android.gms.ads.doubleclick.OnCustomRenderedAdLoadedListener",
  "interfaces": [],
  "dependencyName": "Ads",
  "superClass": "",
  "methods": [
    {
      "correspondingStatus": "notSupport",
      "dependencyName": "Ads",
      "g": {
        "exceptions": [],
        "modifiers": [
          "abstract"
        ],
        "name": "onCustomRenderedAdLoaded",
        "paramTypes": [
          {
            "pos": "0",
            "type": "com.google.android.gms.ads.doubleclick.CustomRenderedAd"
          }
        ],
        "retType": "void"
      },
      "text": "HMS Core does not provide this method. You are advised to replace it with NativeAd.",
      "hName": "",
      "url": "https://developer.huawei.com/consumer/en/doc/development/HMSCore-Guides/publisher-service-native-0000001050064968"
    }
  ],
  "innerClass": false,
  "fields": [],
  "modifiers": [
    "abstract"
  ],
  "type": "interface",
  "hName": "",
  "kitName": "Ads",
  "status": "notSupport"
}