{
  "gName": "com.google.android.gms.ads.doubleclick.PublisherAdView",
  "interfaces": [],
  "dependencyName": "Ads",
  "superClass": "android.view.ViewGroup",
  "methods": [
    {
      "correspondingStatus": "matching",
      "dependencyName": "Ads",
      "g": {
        "exceptions": [],
        "modifiers": [
          "final"
        ],
        "name": "destroy",
        "paramTypes": [],
        "retType": "void"
      },
      "h": {
        "exceptions": [],
        "modifiers": [],
        "name": "destroy",
        "paramTypes": [],
        "retType": "void"
      },
      "text": "Documents to be completed",
      "hName": "com.huawei.hms.ads.banner.BannerView",
      "url": "https://developer.huawei.com/consumer/en/"
    },
    {
      "correspondingStatus": "matching",
      "dependencyName": "Ads",
      "g": {
        "exceptions": [],
        "modifiers": [
          "final"
        ],
        "name": "getAdListener",
        "paramTypes": [],
        "retType": "com.google.android.gms.ads.AdListener"
      },
      "h": {
        "exceptions": [],
        "modifiers": [],
        "name": "getAdListener",
        "paramTypes": [],
        "retType": "com.huawei.hms.ads.AdListener"
      },
      "text": "Documents to be completed",
      "hName": "com.huawei.hms.ads.banner.BannerView",
      "url": "https://developer.huawei.com/consumer/en/"
    },
    {
      "correspondingStatus": "matching",
      "dependencyName": "Ads",
      "g": {
        "exceptions": [],
        "modifiers": [
          "final"
        ],
        "name": "getAdSize",
        "paramTypes": [],
        "retType": "com.google.android.gms.ads.AdSize"
      },
      "h": {
        "exceptions": [],
        "modifiers": [],
        "name": "getBannerAdSize",
        "paramTypes": [],
        "retType": "com.huawei.hms.ads.BannerAdSize"
      },
      "text": "Documents to be completed",
      "hName": "com.huawei.hms.ads.banner.BannerView",
      "url": "https://developer.huawei.com/consumer/en/"
    },
    {
      "correspondingStatus": "notSupport",
      "dependencyName": "Ads",
      "g": {
        "exceptions": [],
        "modifiers": [
          "final"
        ],
        "name": "getAdSizes",
        "paramTypes": [],
        "retType": "com.google.android.gms.ads.AdSize[]"
      },
      "text": "HMS Core does not provide this method. You are advised to replace it with BannerView.",
      "hName": "",
      "url": "https://developer.huawei.com/consumer/en/doc/development/HMSCore-Guides/publisher-service-banner-0000001050066915"
    },
    {
      "correspondingStatus": "matching",
      "dependencyName": "Ads",
      "g": {
        "exceptions": [],
        "modifiers": [
          "final"
        ],
        "name": "getAdUnitId",
        "paramTypes": [],
        "retType": "java.lang.String"
      },
      "h": {
        "exceptions": [],
        "modifiers": [],
        "name": "getAdId",
        "paramTypes": [],
        "retType": "java.lang.String"
      },
      "text": "Documents to be completed",
      "hName": "com.huawei.hms.ads.banner.BannerView",
      "url": "https://developer.huawei.com/consumer/en/"
    },
    {
      "correspondingStatus": "notSupport",
      "dependencyName": "Ads",
      "g": {
        "exceptions": [],
        "modifiers": [
          "final"
        ],
        "name": "getAppEventListener",
        "paramTypes": [],
        "retType": "com.google.android.gms.ads.doubleclick.AppEventListener"
      },
      "text": "HMS Core does not provide this method. You are advised to replace it with BannerView.",
      "hName": "",
      "url": "https://developer.huawei.com/consumer/en/doc/development/HMSCore-Guides/publisher-service-banner-0000001050066915"
    },
    {
      "correspondingStatus": "notSupport",
      "dependencyName": "Ads",
      "g": {
        "exceptions": [],
        "modifiers": [
          "final"
        ],
        "name": "getMediationAdapterClassName",
        "paramTypes": [],
        "retType": "java.lang.String"
      },
      "text": "HMS Core does not provide this method. You are advised to replace it with BannerView.",
      "hName": "",
      "url": "https://developer.huawei.com/consumer/en/doc/development/HMSCore-Guides/publisher-service-banner-0000001050066915"
    },
    {
      "correspondingStatus": "notSupport",
      "dependencyName": "Ads",
      "g": {
        "exceptions": [],
        "modifiers": [
          "final"
        ],
        "name": "getOnCustomRenderedAdLoadedListener",
        "paramTypes": [],
        "retType": "com.google.android.gms.ads.doubleclick.OnCustomRenderedAdLoadedListener"
      },
      "text": "HMS Core does not provide this method. You are advised to replace it with BannerView.",
      "hName": "",
      "url": "https://developer.huawei.com/consumer/en/doc/development/HMSCore-Guides/publisher-service-banner-0000001050066915"
    },
    {
      "correspondingStatus": "notSupport",
      "dependencyName": "Ads",
      "g": {
        "exceptions": [],
        "modifiers": [
          "final"
        ],
        "name": "getVideoController",
        "paramTypes": [],
        "retType": "com.google.android.gms.ads.VideoController"
      },
      "text": "HMS Core does not provide this method. You are advised to replace it with BannerView.",
      "hName": "",
      "url": "https://developer.huawei.com/consumer/en/doc/development/HMSCore-Guides/publisher-service-banner-0000001050066915"
    },
    {
      "correspondingStatus": "notSupport",
      "dependencyName": "Ads",
      "g": {
        "exceptions": [],
        "modifiers": [
          "final"
        ],
        "name": "getVideoOptions",
        "paramTypes": [],
        "retType": "com.google.android.gms.ads.VideoOptions"
      },
      "text": "HMS Core does not provide this method. You are advised to replace it with BannerView.",
      "hName": "",
      "url": "https://developer.huawei.com/consumer/en/doc/development/HMSCore-Guides/publisher-service-banner-0000001050066915"
    },
    {
      "correspondingStatus": "matching",
      "dependencyName": "Ads",
      "g": {
        "exceptions": [],
        "modifiers": [
          "final"
        ],
        "name": "isLoading",
        "paramTypes": [],
        "retType": "boolean"
      },
      "h": {
        "exceptions": [],
        "modifiers": [],
        "name": "isLoading",
        "paramTypes": [],
        "retType": "boolean"
      },
      "text": "Documents to be completed",
      "hName": "com.huawei.hms.ads.banner.BannerView",
      "url": "https://developer.huawei.com/consumer/en/"
    },
    {
      "correspondingStatus": "matching",
      "dependencyName": "Ads",
      "g": {
        "exceptions": [],
        "modifiers": [
          "final"
        ],
        "name": "loadAd",
        "paramTypes": [
          {
            "pos": "0",
            "type": "com.google.android.gms.ads.doubleclick.PublisherAdRequest"
          }
        ],
        "retType": "void"
      },
      "h": {
        "exceptions": [],
        "modifiers": [],
        "name": "loadAd",
        "paramTypes": [
          {
            "pos": "0",
            "type": "com.huawei.hms.ads.AdParam"
          }
        ],
        "retType": "void"
      },
      "text": "Documents to be completed",
      "hName": "com.huawei.hms.ads.banner.BannerView",
      "url": "https://developer.huawei.com/consumer/en/"
    },
    {
      "correspondingStatus": "matching",
      "dependencyName": "Ads",
      "g": {
        "exceptions": [],
        "modifiers": [
          "final"
        ],
        "name": "pause",
        "paramTypes": [],
        "retType": "void"
      },
      "h": {
        "exceptions": [],
        "modifiers": [],
        "name": "pause",
        "paramTypes": [],
        "retType": "void"
      },
      "text": "Documents to be completed",
      "hName": "com.huawei.hms.ads.banner.BannerView",
      "url": "https://developer.huawei.com/consumer/en/"
    },
    {
      "correspondingStatus": "notSupport",
      "dependencyName": "Ads",
      "g": {
        "exceptions": [],
        "modifiers": [
          "final"
        ],
        "name": "recordManualImpression",
        "paramTypes": [],
        "retType": "void"
      },
      "text": "HMS Core does not provide this method. You are advised to replace it with BannerView.",
      "hName": "",
      "url": "https://developer.huawei.com/consumer/en/doc/development/HMSCore-Guides/publisher-service-banner-0000001050066915"
    },
    {
      "correspondingStatus": "matching",
      "dependencyName": "Ads",
      "g": {
        "exceptions": [],
        "modifiers": [
          "final"
        ],
        "name": "resume",
        "paramTypes": [],
        "retType": "void"
      },
      "h": {
        "exceptions": [],
        "modifiers": [],
        "name": "resume",
        "paramTypes": [],
        "retType": "void"
      },
      "text": "Documents to be completed",
      "hName": "com.huawei.hms.ads.banner.BannerView",
      "url": "https://developer.huawei.com/consumer/en/"
    },
    {
      "correspondingStatus": "matching",
      "dependencyName": "Ads",
      "g": {
        "exceptions": [],
        "modifiers": [
          "final"
        ],
        "name": "setAdListener",
        "paramTypes": [
          {
            "pos": "0",
            "type": "com.google.android.gms.ads.AdListener"
          }
        ],
        "retType": "void"
      },
      "h": {
        "exceptions": [],
        "modifiers": [],
        "name": "setAdListener",
        "paramTypes": [
          {
            "pos": "0",
            "type": "com.huawei.hms.ads.AdListener"
          }
        ],
        "retType": "void"
      },
      "text": "Documents to be completed",
      "hName": "com.huawei.hms.ads.banner.BannerView",
      "url": "https://developer.huawei.com/consumer/en/"
    },
    {
      "correspondingStatus": "matching",
      "dependencyName": "Ads",
      "g": {
        "exceptions": [],
        "modifiers": [
          "final"
        ],
        "name": "setAdSizes",
        "paramTypes": [
          {
            "pos": "0",
            "type": "com.google.android.gms.ads.AdSize..."
          }
        ],
        "retType": "void"
      },
      "h": {
        "exceptions": [],
        "modifiers": [],
        "name": "setBannerAdSize",
        "paramTypes": [
          {
            "pos": "0",
            "type": "com.huawei.hms.ads.BannerAdSize"
          }
        ],
        "retType": "void"
      },
      "text": "Documents to be completed",
      "hName": "com.huawei.hms.ads.banner.BannerView",
      "url": "https://developer.huawei.com/consumer/en/"
    },
    {
      "correspondingStatus": "matching",
      "dependencyName": "Ads",
      "g": {
        "exceptions": [],
        "modifiers": [
          "final"
        ],
        "name": "setAdUnitId",
        "paramTypes": [
          {
            "pos": "0",
            "type": "java.lang.String"
          }
        ],
        "retType": "void"
      },
      "h": {
        "exceptions": [],
        "modifiers": [],
        "name": "setAdId",
        "paramTypes": [
          {
            "pos": "0",
            "type": "java.lang.String"
          }
        ],
        "retType": "void"
      },
      "text": "Documents to be completed",
      "hName": "com.huawei.hms.ads.banner.BannerView",
      "url": "https://developer.huawei.com/consumer/en/"
    },
    {
      "correspondingStatus": "notSupport",
      "dependencyName": "Ads",
      "g": {
        "exceptions": [],
        "modifiers": [
          "final"
        ],
        "name": "setAppEventListener",
        "paramTypes": [
          {
            "pos": "0",
            "type": "com.google.android.gms.ads.doubleclick.AppEventListener"
          }
        ],
        "retType": "void"
      },
      "text": "HMS Core does not provide this method. You are advised to delete it.",
      "hName": "",
      "url": "https://developer.huawei.com/consumer/en/"
    },
    {
      "correspondingStatus": "notSupport",
      "dependencyName": "Ads",
      "g": {
        "exceptions": [],
        "modifiers": [
          "final"
        ],
        "name": "setManualImpressionsEnabled",
        "paramTypes": [
          {
            "pos": "0",
            "type": "boolean"
          }
        ],
        "retType": "void"
      },
      "text": "HMS Core does not provide this method. You are advised to delete it.",
      "hName": "",
      "url": "https://developer.huawei.com/consumer/en/"
    },
    {
      "correspondingStatus": "notSupport",
      "dependencyName": "Ads",
      "g": {
        "exceptions": [],
        "modifiers": [
          "final"
        ],
        "name": "setOnCustomRenderedAdLoadedListener",
        "paramTypes": [
          {
            "pos": "0",
            "type": "com.google.android.gms.ads.doubleclick.OnCustomRenderedAdLoadedListener"
          }
        ],
        "retType": "void"
      },
      "text": "HMS Core does not provide this method. You are advised to delete it.",
      "hName": "",
      "url": "https://developer.huawei.com/consumer/en/"
    },
    {
      "correspondingStatus": "notSupport",
      "dependencyName": "Ads",
      "g": {
        "exceptions": [],
        "modifiers": [
          "final"
        ],
        "name": "setVideoOptions",
        "paramTypes": [
          {
            "pos": "0",
            "type": "com.google.android.gms.ads.VideoOptions"
          }
        ],
        "retType": "void"
      },
      "text": "HMS Core does not provide this method. You are advised to delete it.",
      "hName": "",
      "url": "https://developer.huawei.com/consumer/en/"
    },
    {
      "correspondingStatus": "matching",
      "dependencyName": "Ads",
      "g": {
        "exceptions": [],
        "modifiers": [],
        "name": "PublisherAdView",
        "paramTypes": [
          {
            "pos": "0",
            "type": "android.content.Context"
          }
        ],
        "retType": ""
      },
      "h": {
        "exceptions": [],
        "modifiers": [],
        "name": "BannerView",
        "paramTypes": [
          {
            "pos": "0",
            "type": "android.content.Context"
          }
        ],
        "retType": ""
      },
      "text": "Documents to be completed",
      "hName": "com.huawei.hms.ads.banner.BannerView",
      "url": "https://developer.huawei.com/consumer/en/"
    },
    {
      "correspondingStatus": "matching",
      "dependencyName": "Ads",
      "g": {
        "exceptions": [],
        "modifiers": [],
        "name": "PublisherAdView",
        "paramTypes": [
          {
            "pos": "0",
            "type": "android.content.Context"
          },
          {
            "pos": "1",
            "type": "android.util.AttributeSet"
          }
        ],
        "retType": ""
      },
      "h": {
        "exceptions": [],
        "modifiers": [],
        "name": "BannerView",
        "paramTypes": [
          {
            "pos": "0",
            "type": "android.content.Context"
          },
          {
            "pos": "1",
            "type": "android.util.AttributeSet"
          }
        ],
        "retType": ""
      },
      "text": "Documents to be completed",
      "hName": "com.huawei.hms.ads.banner.BannerView",
      "url": "https://developer.huawei.com/consumer/en/"
    },
    {
      "correspondingStatus": "matching",
      "dependencyName": "Ads",
      "g": {
        "exceptions": [],
        "modifiers": [],
        "name": "PublisherAdView",
        "paramTypes": [
          {
            "pos": "0",
            "type": "android.content.Context"
          },
          {
            "pos": "1",
            "type": "android.util.AttributeSet"
          },
          {
            "pos": "2",
            "type": "int"
          }
        ],
        "retType": ""
      },
      "h": {
        "exceptions": [],
        "modifiers": [],
        "name": "BannerView",
        "paramTypes": [
          {
            "pos": "0",
            "type": "android.content.Context"
          },
          {
            "pos": "1",
            "type": "android.util.AttributeSet"
          },
          {
            "pos": "2",
            "type": "int"
          }
        ],
        "retType": ""
      },
      "text": "Documents to be completed",
      "hName": "com.huawei.hms.ads.banner.BannerView",
      "url": "https://developer.huawei.com/consumer/en/"
    }
  ],
  "innerClass": false,
  "fields": [],
  "modifiers": [
    "final"
  ],
  "type": "class",
  "hName": "com.huawei.hms.ads.banner.BannerView",
  "kitName": "Ads",
  "status": "improve"
}