{
  "gName": "com.google.android.gms.ads.NativeExpressAdView",
  "interfaces": [],
  "dependencyName": "Ads",
  "superClass": "android.view.ViewGroup",
  "methods": [
    {
      "correspondingStatus": "matching",
      "dependencyName": "Ads",
      "g": {
        "exceptions": [],
        "modifiers": [],
        "name": "destroy",
        "paramTypes": [],
        "retType": "void"
      },
      "h": {
        "exceptions": [],
        "modifiers": [],
        "name": "destroy",
        "paramTypes": [],
        "retType": "void"
      },
      "text": "Documents to be completed",
      "hName": "com.huawei.hms.ads.template.view.NativeTemplateView",
      "url": "https://developer.huawei.com/consumer/en/"
    },
    {
      "correspondingStatus": "matching",
      "dependencyName": "Ads",
      "g": {
        "exceptions": [],
        "modifiers": [],
        "name": "getAdListener",
        "paramTypes": [],
        "retType": "com.google.android.gms.ads.AdListener"
      },
      "h": {
        "exceptions": [],
        "modifiers": [],
        "name": "getAdListener",
        "paramTypes": [],
        "retType": "com.huawei.hms.ads.AdListener"
      },
      "text": "Documents to be completed",
      "hName": "com.huawei.hms.ads.template.view.NativeTemplateView",
      "url": "https://developer.huawei.com/consumer/en/"
    },
    {
      "correspondingStatus": "matching",
      "dependencyName": "Ads",
      "g": {
        "exceptions": [],
        "modifiers": [],
        "name": "getAdSize",
        "paramTypes": [],
        "retType": "com.google.android.gms.ads.AdSize"
      },
      "h": {
        "exceptions": [],
        "modifiers": [],
        "name": "getAdSize",
        "paramTypes": [],
        "retType": "com.huawei.hms.ads.BannerAdSize"
      },
      "text": "Documents to be completed",
      "hName": "com.huawei.hms.ads.template.view.NativeTemplateView",
      "url": "https://developer.huawei.com/consumer/en/"
    },
    {
      "correspondingStatus": "matching",
      "dependencyName": "Ads",
      "g": {
        "exceptions": [],
        "modifiers": [],
        "name": "getAdUnitId",
        "paramTypes": [],
        "retType": "java.lang.String"
      },
      "h": {
        "exceptions": [],
        "modifiers": [],
        "name": "getAdId",
        "paramTypes": [],
        "retType": "java.lang.String"
      },
      "text": "Documents to be completed",
      "hName": "com.huawei.hms.ads.template.view.NativeTemplateView",
      "url": "https://developer.huawei.com/consumer/en/"
    },
    {
      "correspondingStatus": "notSupport",
      "dependencyName": "Ads",
      "g": {
        "exceptions": [],
        "modifiers": [],
        "name": "getMediationAdapterClassName",
        "paramTypes": [],
        "retType": "java.lang.String"
      },
      "text": "HMS Core does not provide this method. You are advised to delete it.",
      "hName": "",
      "url": "https://developer.huawei.com/consumer/en/"
    },
    {
      "correspondingStatus": "matching",
      "dependencyName": "Ads",
      "g": {
        "exceptions": [],
        "modifiers": [
          "final"
        ],
        "name": "getVideoController",
        "paramTypes": [],
        "retType": "com.google.android.gms.ads.VideoController"
      },
      "h": {
        "exceptions": [],
        "modifiers": [],
        "name": "getVideoOperator",
        "paramTypes": [],
        "retType": "com.huawei.hms.ads.VideoOperator"
      },
      "text": "Documents to be completed",
      "hName": "com.huawei.hms.ads.template.view.NativeTemplateView",
      "url": "https://developer.huawei.com/consumer/en/"
    },
    {
      "correspondingStatus": "matching",
      "dependencyName": "Ads",
      "g": {
        "exceptions": [],
        "modifiers": [
          "final"
        ],
        "name": "getVideoOptions",
        "paramTypes": [],
        "retType": "com.google.android.gms.ads.VideoOptions"
      },
      "h": {
        "exceptions": [],
        "modifiers": [],
        "name": "getVideoConfiguration",
        "paramTypes": [],
        "retType": "com.huawei.hms.ads.VideoConfiguration"
      },
      "text": "Documents to be completed",
      "hName": "com.huawei.hms.ads.template.view.NativeTemplateView",
      "url": "https://developer.huawei.com/consumer/en/"
    },
    {
      "correspondingStatus": "matching",
      "dependencyName": "Ads",
      "g": {
        "exceptions": [],
        "modifiers": [],
        "name": "isLoading",
        "paramTypes": [],
        "retType": "boolean"
      },
      "h": {
        "exceptions": [],
        "modifiers": [],
        "name": "isLoading",
        "paramTypes": [],
        "retType": "boolean"
      },
      "text": "Documents to be completed",
      "hName": "com.huawei.hms.ads.template.view.NativeTemplateView",
      "url": "https://developer.huawei.com/consumer/en/"
    },
    {
      "correspondingStatus": "matching",
      "dependencyName": "Ads",
      "g": {
        "exceptions": [],
        "modifiers": [],
        "name": "loadAd",
        "paramTypes": [
          {
            "pos": "0",
            "type": "com.google.android.gms.ads.AdRequest"
          }
        ],
        "retType": "void"
      },
      "h": {
        "exceptions": [],
        "modifiers": [],
        "name": "loadAd",
        "paramTypes": [
          {
            "pos": "0",
            "type": "com.huawei.hms.ads.AdParam"
          }
        ],
        "retType": "void"
      },
      "text": "Documents to be completed",
      "hName": "com.huawei.hms.ads.template.view.NativeTemplateView",
      "url": "https://developer.huawei.com/consumer/en/"
    },
    {
      "correspondingStatus": "matching",
      "dependencyName": "Ads",
      "g": {
        "exceptions": [],
        "modifiers": [],
        "name": "pause",
        "paramTypes": [],
        "retType": "void"
      },
      "h": {
        "exceptions": [],
        "modifiers": [],
        "name": "pause",
        "paramTypes": [],
        "retType": "void"
      },
      "text": "Documents to be completed",
      "hName": "com.huawei.hms.ads.template.view.NativeTemplateView",
      "url": "https://developer.huawei.com/consumer/en/"
    },
    {
      "correspondingStatus": "matching",
      "dependencyName": "Ads",
      "g": {
        "exceptions": [],
        "modifiers": [],
        "name": "resume",
        "paramTypes": [],
        "retType": "void"
      },
      "h": {
        "exceptions": [],
        "modifiers": [],
        "name": "resume",
        "paramTypes": [],
        "retType": "void"
      },
      "text": "Documents to be completed",
      "hName": "com.huawei.hms.ads.template.view.NativeTemplateView",
      "url": "https://developer.huawei.com/consumer/en/"
    },
    {
      "correspondingStatus": "matching",
      "dependencyName": "Ads",
      "g": {
        "exceptions": [],
        "modifiers": [],
        "name": "setAdListener",
        "paramTypes": [
          {
            "pos": "0",
            "type": "com.google.android.gms.ads.AdListener"
          }
        ],
        "retType": "void"
      },
      "h": {
        "exceptions": [],
        "modifiers": [],
        "name": "setAdListener",
        "paramTypes": [
          {
            "pos": "0",
            "type": "com.huawei.hms.ads.AdListener"
          }
        ],
        "retType": "void"
      },
      "text": "Documents to be completed",
      "hName": "com.huawei.hms.ads.template.view.NativeTemplateView",
      "url": "https://developer.huawei.com/consumer/en/"
    },
    {
      "correspondingStatus": "matching",
      "dependencyName": "Ads",
      "g": {
        "exceptions": [],
        "modifiers": [],
        "name": "setAdSize",
        "paramTypes": [
          {
            "pos": "0",
            "type": "com.google.android.gms.ads.AdSize"
          }
        ],
        "retType": "void"
      },
      "h": {
        "exceptions": [],
        "modifiers": [],
        "name": "setAdSize",
        "paramTypes": [
          {
            "pos": "0",
            "type": "com.huawei.hms.ads.BannerAdSize"
          }
        ],
        "retType": "void"
      },
      "text": "Documents to be completed",
      "hName": "com.huawei.hms.ads.template.view.NativeTemplateView",
      "url": "https://developer.huawei.com/consumer/en/"
    },
    {
      "correspondingStatus": "matching",
      "dependencyName": "Ads",
      "g": {
        "exceptions": [],
        "modifiers": [],
        "name": "setAdUnitId",
        "paramTypes": [
          {
            "pos": "0",
            "type": "java.lang.String"
          }
        ],
        "retType": "void"
      },
      "h": {
        "exceptions": [],
        "modifiers": [],
        "name": "setAdId",
        "paramTypes": [
          {
            "pos": "0",
            "type": "java.lang.String"
          }
        ],
        "retType": "void"
      },
      "text": "Documents to be completed",
      "hName": "com.huawei.hms.ads.template.view.NativeTemplateView",
      "url": "https://developer.huawei.com/consumer/en/"
    },
    {
      "correspondingStatus": "matching",
      "dependencyName": "Ads",
      "g": {
        "exceptions": [],
        "modifiers": [
          "final"
        ],
        "name": "setVideoOptions",
        "paramTypes": [
          {
            "pos": "0",
            "type": "com.google.android.gms.ads.VideoOptions"
          }
        ],
        "retType": "void"
      },
      "h": {
        "exceptions": [],
        "modifiers": [],
        "name": "setVideoConfiguration",
        "paramTypes": [
          {
            "pos": "0",
            "type": "com.huawei.hms.ads.VideoConfiguration"
          }
        ],
        "retType": "void"
      },
      "text": "Documents to be completed",
      "hName": "com.huawei.hms.ads.template.view.NativeTemplateView",
      "url": "https://developer.huawei.com/consumer/en/"
    },
    {
      "correspondingStatus": "matching",
      "dependencyName": "Ads",
      "g": {
        "exceptions": [],
        "modifiers": [],
        "name": "NativeExpressAdView",
        "paramTypes": [
          {
            "pos": "0",
            "type": "android.content.Context"
          }
        ],
        "retType": ""
      },
      "h": {
        "exceptions": [],
        "modifiers": [],
        "name": "NativeTemplateView",
        "paramTypes": [
          {
            "pos": "0",
            "type": "android.content.Context"
          }
        ],
        "retType": ""
      },
      "text": "Documents to be completed",
      "hName": "com.huawei.hms.ads.template.view.NativeTemplateView",
      "url": "https://developer.huawei.com/consumer/en/"
    },
    {
      "correspondingStatus": "matching",
      "dependencyName": "Ads",
      "g": {
        "exceptions": [],
        "modifiers": [],
        "name": "NativeExpressAdView",
        "paramTypes": [
          {
            "pos": "0",
            "type": "android.content.Context"
          },
          {
            "pos": "1",
            "type": "android.util.AttributeSet"
          }
        ],
        "retType": ""
      },
      "h": {
        "exceptions": [],
        "modifiers": [],
        "name": "NativeTemplateView",
        "paramTypes": [
          {
            "pos": "0",
            "type": "android.content.Context"
          },
          {
            "pos": "1",
            "type": "android.util.AttributeSet"
          }
        ],
        "retType": ""
      },
      "text": "Documents to be completed",
      "hName": "com.huawei.hms.ads.template.view.NativeTemplateView",
      "url": "https://developer.huawei.com/consumer/en/"
    },
    {
      "correspondingStatus": "matching",
      "dependencyName": "Ads",
      "g": {
        "exceptions": [],
        "modifiers": [],
        "name": "NativeExpressAdView",
        "paramTypes": [
          {
            "pos": "0",
            "type": "android.content.Context"
          },
          {
            "pos": "1",
            "type": "android.util.AttributeSet"
          },
          {
            "pos": "2",
            "type": "int"
          }
        ],
        "retType": ""
      },
      "h": {
        "exceptions": [],
        "modifiers": [],
        "name": "NativeTemplateView",
        "paramTypes": [
          {
            "pos": "0",
            "type": "android.content.Context"
          },
          {
            "pos": "1",
            "type": "android.util.AttributeSet"
          },
          {
            "pos": "2",
            "type": "int"
          }
        ],
        "retType": ""
      },
      "text": "Documents to be completed",
      "hName": "com.huawei.hms.ads.template.view.NativeTemplateView",
      "url": "https://developer.huawei.com/consumer/en/"
    }
  ],
  "innerClass": false,
  "fields": [],
  "modifiers": [
    "final"
  ],
  "type": "class",
  "hName": "com.huawei.hms.ads.template.view.NativeTemplateView",
  "kitName": "Ads",
  "status": "improve"
}