{
  "gName": "com.google.android.gms.ads.formats.NativeAd.AdChoicesInfo",
  "interfaces": [],
  "dependencyName": "Ads",
  "superClass": "java.lang.Object",
  "methods": [
    {
      "correspondingStatus": "matching",
      "dependencyName": "Ads",
      "g": {
        "exceptions": [],
        "modifiers": [
          "abstract"
        ],
        "name": "getImages",
        "paramTypes": [],
        "retType": "java.util.List<com.google.android.gms.ads.formats.NativeAd.Image>"
      },
      "h": {
        "exceptions": [],
        "modifiers": [
          "abstract"
        ],
        "name": "getIcons",
        "paramTypes": [],
        "retType": "java.util.List<com.huawei.hms.ads.Image>"
      },
      "text": "Documents to be completed",
      "hName": "com.huawei.hms.ads.nativead.NativeAd.ChoicesInfo",
      "url": "https://developer.huawei.com/consumer/en/"
    },
    {
      "correspondingStatus": "complex",
      "dependencyName": "Ads",
      "g": {
        "exceptions": [],
        "modifiers": [
          "abstract"
        ],
        "name": "getText",
        "paramTypes": [],
        "retType": "java.lang.CharSequence"
      },
      "text": "You are advised to replace it with public String getContent()",
      "hName": "com.huawei.hms.ads.nativead.NativeAd.ChoicesInfo",
      "url": "https://developer.huawei.com/consumer/en/"
    },
    {
      "correspondingStatus": "matching",
      "dependencyName": "Ads",
      "g": {
        "exceptions": [],
        "modifiers": [],
        "name": "AdChoicesInfo",
        "paramTypes": [],
        "retType": ""
      },
      "h": {
        "exceptions": [],
        "modifiers": [],
        "name": "ChoicesInfo",
        "paramTypes": [],
        "retType": ""
      },
      "text": "Documents to be completed",
      "hName": "com.huawei.hms.ads.nativead.NativeAd.ChoicesInfo",
      "url": "https://developer.huawei.com/consumer/en/"
    }
  ],
  "innerClass": true,
  "fields": [],
  "modifiers": [
    "static",
    "abstract"
  ],
  "type": "class",
  "hName": "com.huawei.hms.ads.nativead.NativeAd.ChoicesInfo",
  "kitName": "Ads",
  "status": "matching"
}