{
  "gName": "com.google.android.gms.ads.AdFormat",
  "interfaces": [],
  "dependencyName": "Ads",
  "superClass": "java.lang.Enum<com.google.android.gms.ads.AdFormat>",
  "methods": [],
  "innerClass": false,
  "fields": [
    {
      "correspondingStatus": "notSupport",
      "dependencyName": "Ads",
      "g": {
        "name": "BANNER",
        "modifiers": [
          "static",
          "final"
        ],
        "type": "com.google.android.gms.ads.AdFormat",
        "value": ""
      },
      "text": "HMS Core does not provide this method. You are advised to delete it.",
      "hName": "",
      "url": "https://developer.huawei.com/consumer/en/"
    },
    {
      "correspondingStatus": "notSupport",
      "dependencyName": "Ads",
      "g": {
        "name": "INTERSTITIAL",
        "modifiers": [
          "static",
          "final"
        ],
        "type": "com.google.android.gms.ads.AdFormat",
        "value": ""
      },
      "text": "HMS Core does not provide this method. You are advised to delete it.",
      "hName": "",
      "url": "https://developer.huawei.com/consumer/en/"
    },
    {
      "correspondingStatus": "notSupport",
      "dependencyName": "Ads",
      "g": {
        "name": "NATIVE",
        "modifiers": [
          "static",
          "final"
        ],
        "type": "com.google.android.gms.ads.AdFormat",
        "value": ""
      },
      "text": "HMS Core does not provide this method. You are advised to delete it.",
      "hName": "",
      "url": "https://developer.huawei.com/consumer/en/"
    },
    {
      "correspondingStatus": "notSupport",
      "dependencyName": "Ads",
      "g": {
        "name": "REWARDED",
        "modifiers": [
          "static",
          "final"
        ],
        "type": "com.google.android.gms.ads.AdFormat",
        "value": ""
      },
      "text": "HMS Core does not provide this method. You are advised to delete it.",
      "hName": "",
      "url": "https://developer.huawei.com/consumer/en/"
    }
  ],
  "modifiers": [
    "final"
  ],
  "type": "enum",
  "hName": "",
  "kitName": "Ads",
  "status": "notSupport"
}