{
  "gName": "com.google.android.gms.ads.RequestConfiguration.Builder",
  "interfaces": [],
  "dependencyName": "Ads",
  "superClass": "java.lang.Object",
  "methods": [
    {
      "correspondingStatus": "matching",
      "dependencyName": "Ads",
      "g": {
        "exceptions": [],
        "modifiers": [],
        "name": "build",
        "paramTypes": [],
        "retType": "com.google.android.gms.ads.RequestConfiguration"
      },
      "h": {
        "exceptions": [],
        "modifiers": [],
        "name": "build",
        "paramTypes": [],
        "retType": "com.huawei.hms.ads.RequestOptions"
      },
      "text": "Documents to be completed",
      "hName": "com.huawei.hms.ads.RequestOptions.Builder",
      "url": "https://developer.huawei.com/consumer/en/"
    },
    {
      "correspondingStatus": "matching",
      "dependencyName": "Ads",
      "g": {
        "exceptions": [],
        "modifiers": [],
        "name": "setMaxAdContentRating",
        "paramTypes": [
          {
            "pos": "0",
            "type": "java.lang.String"
          }
        ],
        "retType": "com.google.android.gms.ads.RequestConfiguration.Builder"
      },
      "h": {
        "exceptions": [],
        "modifiers": [],
        "name": "setAdContentClassification",
        "paramTypes": [
          {
            "pos": "0",
            "type": "java.lang.String"
          }
        ],
        "retType": "com.huawei.hms.ads.RequestOptions.Builder"
      },
      "text": "Documents to be completed",
      "hName": "com.huawei.hms.ads.RequestOptions.Builder",
      "url": "https://developer.huawei.com/consumer/en/"
    },
    {
      "correspondingStatus": "matching",
      "dependencyName": "Ads",
      "g": {
        "exceptions": [],
        "modifiers": [],
        "name": "setTagForChildDirectedTreatment",
        "paramTypes": [
          {
            "pos": "0",
            "type": "int"
          }
        ],
        "retType": "com.google.android.gms.ads.RequestConfiguration.Builder"
      },
      "h": {
        "exceptions": [],
        "modifiers": [],
        "name": "setTagForChildProtection",
        "paramTypes": [
          {
            "pos": "0",
            "type": "java.lang.Integer"
          }
        ],
        "retType": "com.huawei.hms.ads.RequestOptions.Builder"
      },
      "text": "Documents to be completed",
      "hName": "com.huawei.hms.ads.RequestOptions.Builder",
      "url": "https://developer.huawei.com/consumer/en/"
    },
    {
      "correspondingStatus": "matching",
      "dependencyName": "Ads",
      "g": {
        "exceptions": [],
        "modifiers": [],
        "name": "setTagForUnderAgeOfConsent",
        "paramTypes": [
          {
            "pos": "0",
            "type": "int"
          }
        ],
        "retType": "com.google.android.gms.ads.RequestConfiguration.Builder"
      },
      "h": {
        "exceptions": [],
        "modifiers": [],
        "name": "setTagForUnderAgeOfPromise",
        "paramTypes": [
          {
            "pos": "0",
            "type": "java.lang.Integer"
          }
        ],
        "retType": "com.huawei.hms.ads.RequestOptions.Builder"
      },
      "text": "Documents to be completed",
      "hName": "com.huawei.hms.ads.RequestOptions.Builder",
      "url": "https://developer.huawei.com/consumer/en/"
    },
    {
      "correspondingStatus": "notSupport",
      "dependencyName": "Ads",
      "g": {
        "exceptions": [],
        "modifiers": [],
        "name": "setTestDeviceIds",
        "paramTypes": [
          {
            "pos": "0",
            "type": "java.util.List<java.lang.String>"
          }
        ],
        "retType": "com.google.android.gms.ads.RequestConfiguration.Builder"
      },
      "text": "HMS Core does not provide this method. You are advised to delete it.",
      "hName": "",
      "url": "https://developer.huawei.com/consumer/en/"
    },
    {
      "correspondingStatus": "matching",
      "dependencyName": "Ads",
      "g": {
        "exceptions": [],
        "modifiers": [],
        "name": "Builder",
        "paramTypes": [],
        "retType": ""
      },
      "h": {
        "exceptions": [],
        "modifiers": [],
        "name": "Builder",
        "paramTypes": [],
        "retType": ""
      },
      "text": "Documents to be completed",
      "hName": "com.huawei.hms.ads.RequestOptions.Builder",
      "url": "https://developer.huawei.com/consumer/en/"
    }
  ],
  "innerClass": true,
  "fields": [],
  "modifiers": [
    "static"
  ],
  "type": "class",
  "hName": "com.huawei.hms.ads.RequestOptions.Builder",
  "kitName": "Ads",
  "status": "matching"
}