{
  "gName": "com.google.android.gms.ads.initialization.AdapterStatus.State",
  "interfaces": [],
  "dependencyName": "Ads",
  "superClass": "",
  "methods": [],
  "innerClass": true,
  "fields": [
    {
      "correspondingStatus": "notSupport",
      "dependencyName": "Ads",
      "g": {
        "name": "NOT_READY",
        "modifiers": [
          "static",
          "final"
        ],
        "type": "com.google.android.gms.ads.initialization.AdapterStatus.State",
        "value": ""
      },
      "text": "HMS Core does not provide this method. You are advised to delete it.",
      "hName": "",
      "url": "https://developer.huawei.com/consumer/en/"
    },
    {
      "correspondingStatus": "notSupport",
      "dependencyName": "Ads",
      "g": {
        "name": "READY",
        "modifiers": [
          "static",
          "final"
        ],
        "type": "com.google.android.gms.ads.initialization.AdapterStatus.State",
        "value": ""
      },
      "text": "HMS Core does not provide this method. You are advised to delete it.",
      "hName": "",
      "url": "https://developer.huawei.com/consumer/en/"
    }
  ],
  "modifiers": [],
  "type": "enum",
  "hName": "",
  "kitName": "Ads",
  "status": "notSupport"
}