{
  "gName": "com.google.android.gms.ads.formats.UnifiedNativeAd",
  "interfaces": [],
  "dependencyName": "Ads",
  "superClass": "java.lang.Object",
  "methods": [
    {
      "correspondingStatus": "notSupport",
      "dependencyName": "Ads",
      "g": {
        "exceptions": [],
        "modifiers": [
          "abstract"
        ],
        "name": "cancelUnconfirmedClick",
        "paramTypes": [],
        "retType": "void"
      },
      "text": "HMS Core does not provide this method. You are advised to replace it with NativeAd.",
      "hName": "",
      "url": "https://developer.huawei.com/consumer/en/doc/development/HMSCore-Guides/publisher-service-native-0000001050064968"
    },
    {
      "correspondingStatus": "matching",
      "dependencyName": "Ads",
      "g": {
        "exceptions": [],
        "modifiers": [
          "abstract"
        ],
        "name": "destroy",
        "paramTypes": [],
        "retType": "void"
      },
      "h": {
        "exceptions": [],
        "modifiers": [
          "abstract"
        ],
        "name": "destroy",
        "paramTypes": [],
        "retType": "void"
      },
      "text": "Documents to be completed",
      "hName": "com.huawei.hms.ads.nativead.NativeAd",
      "url": "https://developer.huawei.com/consumer/en/"
    },
    {
      "correspondingStatus": "matching",
      "dependencyName": "Ads",
      "g": {
        "exceptions": [],
        "modifiers": [
          "abstract"
        ],
        "name": "enableCustomClickGesture",
        "paramTypes": [],
        "retType": "void"
      },
      "h": {
        "exceptions": [],
        "modifiers": [
          "abstract"
        ],
        "name": "setAllowCustomClick",
        "paramTypes": [],
        "retType": "void"
      },
      "text": "Documents to be completed",
      "hName": "com.huawei.hms.ads.nativead.NativeAd",
      "url": "https://developer.huawei.com/consumer/en/"
    },
    {
      "correspondingStatus": "matching",
      "dependencyName": "Ads",
      "g": {
        "exceptions": [],
        "modifiers": [
          "abstract"
        ],
        "name": "getAdChoicesInfo",
        "paramTypes": [],
        "retType": "com.google.android.gms.ads.formats.NativeAd.AdChoicesInfo"
      },
      "h": {
        "exceptions": [],
        "modifiers": [
          "abstract"
        ],
        "name": "getChoicesInfo",
        "paramTypes": [],
        "retType": "com.huawei.hms.ads.nativead.NativeAd.ChoicesInfo"
      },
      "text": "Documents to be completed",
      "hName": "com.huawei.hms.ads.nativead.NativeAd",
      "url": "https://developer.huawei.com/consumer/en/"
    },
    {
      "correspondingStatus": "matching",
      "dependencyName": "Ads",
      "g": {
        "exceptions": [],
        "modifiers": [
          "abstract"
        ],
        "name": "getAdvertiser",
        "paramTypes": [],
        "retType": "java.lang.String"
      },
      "h": {
        "exceptions": [],
        "modifiers": [
          "abstract"
        ],
        "name": "getAdSource",
        "paramTypes": [],
        "retType": "java.lang.String"
      },
      "text": "Documents to be completed",
      "hName": "com.huawei.hms.ads.nativead.NativeAd",
      "url": "https://developer.huawei.com/consumer/en/"
    },
    {
      "correspondingStatus": "matching",
      "dependencyName": "Ads",
      "g": {
        "exceptions": [],
        "modifiers": [
          "abstract"
        ],
        "name": "getBody",
        "paramTypes": [],
        "retType": "java.lang.String"
      },
      "h": {
        "exceptions": [],
        "modifiers": [
          "abstract"
        ],
        "name": "getDescription",
        "paramTypes": [],
        "retType": "java.lang.String"
      },
      "text": "Documents to be completed",
      "hName": "com.huawei.hms.ads.nativead.NativeAd",
      "url": "https://developer.huawei.com/consumer/en/"
    },
    {
      "correspondingStatus": "matching",
      "dependencyName": "Ads",
      "g": {
        "exceptions": [],
        "modifiers": [
          "abstract"
        ],
        "name": "getCallToAction",
        "paramTypes": [],
        "retType": "java.lang.String"
      },
      "h": {
        "exceptions": [],
        "modifiers": [
          "abstract"
        ],
        "name": "getCallToAction",
        "paramTypes": [],
        "retType": "java.lang.String"
      },
      "text": "Documents to be completed",
      "hName": "com.huawei.hms.ads.nativead.NativeAd",
      "url": "https://developer.huawei.com/consumer/en/"
    },
    {
      "correspondingStatus": "matching",
      "dependencyName": "Ads",
      "g": {
        "exceptions": [],
        "modifiers": [
          "abstract"
        ],
        "name": "getExtras",
        "paramTypes": [],
        "retType": "android.os.Bundle"
      },
      "h": {
        "exceptions": [],
        "modifiers": [
          "abstract"
        ],
        "name": "getExtraBundle",
        "paramTypes": [],
        "retType": "android.os.Bundle"
      },
      "text": "Documents to be completed",
      "hName": "com.huawei.hms.ads.nativead.NativeAd",
      "url": "https://developer.huawei.com/consumer/en/"
    },
    {
      "correspondingStatus": "matching",
      "dependencyName": "Ads",
      "g": {
        "exceptions": [],
        "modifiers": [
          "abstract"
        ],
        "name": "getHeadline",
        "paramTypes": [],
        "retType": "java.lang.String"
      },
      "h": {
        "exceptions": [],
        "modifiers": [
          "abstract"
        ],
        "name": "getTitle",
        "paramTypes": [],
        "retType": "java.lang.String"
      },
      "text": "Documents to be completed",
      "hName": "com.huawei.hms.ads.nativead.NativeAd",
      "url": "https://developer.huawei.com/consumer/en/"
    },
    {
      "correspondingStatus": "matching",
      "dependencyName": "Ads",
      "g": {
        "exceptions": [],
        "modifiers": [
          "abstract"
        ],
        "name": "getIcon",
        "paramTypes": [],
        "retType": "com.google.android.gms.ads.formats.NativeAd.Image"
      },
      "h": {
        "exceptions": [],
        "modifiers": [
          "abstract"
        ],
        "name": "getIcon",
        "paramTypes": [],
        "retType": "com.huawei.hms.ads.Image"
      },
      "text": "Documents to be completed",
      "hName": "com.huawei.hms.ads.nativead.NativeAd",
      "url": "https://developer.huawei.com/consumer/en/"
    },
    {
      "correspondingStatus": "matching",
      "dependencyName": "Ads",
      "g": {
        "exceptions": [],
        "modifiers": [
          "abstract"
        ],
        "name": "getImages",
        "paramTypes": [],
        "retType": "java.util.List<com.google.android.gms.ads.formats.NativeAd.Image>"
      },
      "h": {
        "exceptions": [],
        "modifiers": [
          "abstract"
        ],
        "name": "getImages",
        "paramTypes": [],
        "retType": "java.util.List<com.huawei.hms.ads.Image>"
      },
      "text": "Documents to be completed",
      "hName": "com.huawei.hms.ads.nativead.NativeAd",
      "url": "https://developer.huawei.com/consumer/en/"
    },
    {
      "correspondingStatus": "matching",
      "dependencyName": "Ads",
      "g": {
        "exceptions": [],
        "modifiers": [
          "abstract"
        ],
        "name": "getMediaContent",
        "paramTypes": [],
        "retType": "com.google.android.gms.ads.formats.UnifiedNativeAd.MediaContent"
      },
      "h": {
        "exceptions": [],
        "modifiers": [
          "abstract"
        ],
        "name": "getMediaContent",
        "paramTypes": [],
        "retType": "com.huawei.hms.ads.nativead.MediaContent"
      },
      "text": "Documents to be completed",
      "hName": "com.huawei.hms.ads.nativead.NativeAd",
      "url": "https://developer.huawei.com/consumer/en/"
    },
    {
      "correspondingStatus": "notSupport",
      "dependencyName": "Ads",
      "g": {
        "exceptions": [],
        "modifiers": [
          "abstract"
        ],
        "name": "getMediationAdapterClassName",
        "paramTypes": [],
        "retType": "java.lang.String"
      },
      "text": "HMS Core does not provide this method. You are advised to delete it.",
      "hName": "",
      "url": "https://developer.huawei.com/consumer/en/"
    },
    {
      "correspondingStatus": "matching",
      "dependencyName": "Ads",
      "g": {
        "exceptions": [],
        "modifiers": [
          "abstract"
        ],
        "name": "getMuteThisAdReasons",
        "paramTypes": [],
        "retType": "java.util.List<com.google.android.gms.ads.MuteThisAdReason>"
      },
      "h": {
        "exceptions": [],
        "modifiers": [
          "abstract"
        ],
        "name": "getDislikeAdReasons",
        "paramTypes": [],
        "retType": "java.util.List<com.huawei.hms.ads.nativead.DislikeAdReason>"
      },
      "text": "HMS Core does not provide this method. You are advised to delete it.",
      "hName": "com.huawei.hms.ads.nativead.NativeAd",
      "url": "https://developer.huawei.com/consumer/en/"
    },
    {
      "correspondingStatus": "matching",
      "dependencyName": "Ads",
      "g": {
        "exceptions": [],
        "modifiers": [
          "abstract"
        ],
        "name": "getPrice",
        "paramTypes": [],
        "retType": "java.lang.String"
      },
      "h": {
        "exceptions": [],
        "modifiers": [
          "abstract"
        ],
        "name": "getPrice",
        "paramTypes": [],
        "retType": "java.lang.String"
      },
      "text": "HMS Core does not provide this method. You are advised to delete it.",
      "hName": "com.huawei.hms.ads.nativead.NativeAd",
      "url": "https://developer.huawei.com/consumer/en/"
    },
    {
      "correspondingStatus": "matching",
      "dependencyName": "Ads",
      "g": {
        "exceptions": [],
        "modifiers": [
          "abstract"
        ],
        "name": "getStarRating",
        "paramTypes": [],
        "retType": "java.lang.Double"
      },
      "h": {
        "exceptions": [],
        "modifiers": [
          "abstract"
        ],
        "name": "getRating",
        "paramTypes": [],
        "retType": "java.lang.Double"
      },
      "text": "HMS Core does not provide this method. You are advised to delete it.",
      "hName": "com.huawei.hms.ads.nativead.NativeAd",
      "url": "https://developer.huawei.com/consumer/en/"
    },
    {
      "correspondingStatus": "matching",
      "dependencyName": "Ads",
      "g": {
        "exceptions": [],
        "modifiers": [
          "abstract"
        ],
        "name": "getStore",
        "paramTypes": [],
        "retType": "java.lang.String"
      },
      "h": {
        "exceptions": [],
        "modifiers": [
          "abstract"
        ],
        "name": "getMarket",
        "paramTypes": [],
        "retType": "java.lang.String"
      },
      "text": "Documents to be completed",
      "hName": "com.huawei.hms.ads.nativead.NativeAd",
      "url": "https://developer.huawei.com/consumer/en/"
    },
    {
      "correspondingStatus": "matching",
      "dependencyName": "Ads",
      "g": {
        "exceptions": [],
        "modifiers": [
          "abstract"
        ],
        "name": "getVideoController",
        "paramTypes": [],
        "retType": "com.google.android.gms.ads.VideoController"
      },
      "h": {
        "exceptions": [],
        "modifiers": [
          "abstract"
        ],
        "name": "getVideoOperator",
        "paramTypes": [],
        "retType": "com.huawei.hms.ads.VideoOperator"
      },
      "text": "Documents to be completed",
      "hName": "com.huawei.hms.ads.nativead.NativeAd",
      "url": "https://developer.huawei.com/consumer/en/"
    },
    {
      "correspondingStatus": "matching",
      "dependencyName": "Ads",
      "g": {
        "exceptions": [],
        "modifiers": [
          "abstract"
        ],
        "name": "isCustomClickGestureEnabled",
        "paramTypes": [],
        "retType": "boolean"
      },
      "h": {
        "exceptions": [],
        "modifiers": [
          "abstract"
        ],
        "name": "isCustomClickAllowed",
        "paramTypes": [],
        "retType": "boolean"
      },
      "text": "Documents to be completed",
      "hName": "com.huawei.hms.ads.nativead.NativeAd",
      "url": "https://developer.huawei.com/consumer/en/"
    },
    {
      "correspondingStatus": "matching",
      "dependencyName": "Ads",
      "g": {
        "exceptions": [],
        "modifiers": [
          "abstract"
        ],
        "name": "isCustomMuteThisAdEnabled",
        "paramTypes": [],
        "retType": "boolean"
      },
      "h": {
        "exceptions": [],
        "modifiers": [
          "abstract"
        ],
        "name": "isCustomDislikeThisAdEnabled",
        "paramTypes": [],
        "retType": "boolean"
      },
      "text": "Documents to be completed",
      "hName": "com.huawei.hms.ads.nativead.NativeAd",
      "url": "https://developer.huawei.com/consumer/en/"
    },
    {
      "correspondingStatus": "matching",
      "dependencyName": "Ads",
      "g": {
        "exceptions": [],
        "modifiers": [
          "abstract"
        ],
        "name": "muteThisAd",
        "paramTypes": [
          {
            "pos": "0",
            "type": "com.google.android.gms.ads.MuteThisAdReason"
          }
        ],
        "retType": "void"
      },
      "h": {
        "exceptions": [],
        "modifiers": [
          "abstract"
        ],
        "name": "dislikeAd",
        "paramTypes": [
          {
            "pos": "0",
            "type": "com.huawei.hms.ads.nativead.DislikeAdReason"
          }
        ],
        "retType": "void"
      },
      "text": "Documents to be completed",
      "hName": "com.huawei.hms.ads.nativead.NativeAd",
      "url": "https://developer.huawei.com/consumer/en/"
    },
    {
      "correspondingStatus": "matching",
      "dependencyName": "Ads",
      "g": {
        "exceptions": [],
        "modifiers": [
          "abstract"
        ],
        "name": "performClick",
        "paramTypes": [
          {
            "pos": "0",
            "type": "android.os.Bundle"
          }
        ],
        "retType": "void"
      },
      "h": {
        "exceptions": [],
        "modifiers": [
          "abstract"
        ],
        "name": "triggerClick",
        "paramTypes": [
          {
            "pos": "0",
            "type": "android.os.Bundle"
          }
        ],
        "retType": "void"
      },
      "text": "Documents to be completed",
      "hName": "com.huawei.hms.ads.nativead.NativeAd",
      "url": "https://developer.huawei.com/consumer/en/"
    },
    {
      "correspondingStatus": "matching",
      "dependencyName": "Ads",
      "g": {
        "exceptions": [],
        "modifiers": [
          "abstract"
        ],
        "name": "recordCustomClickGesture",
        "paramTypes": [],
        "retType": "void"
      },
      "h": {
        "exceptions": [],
        "modifiers": [
          "abstract"
        ],
        "name": "recordClickEvent",
        "paramTypes": [],
        "retType": "void"
      },
      "text": "Documents to be completed",
      "hName": "com.huawei.hms.ads.nativead.NativeAd",
      "url": "https://developer.huawei.com/consumer/en/"
    },
    {
      "correspondingStatus": "matching",
      "dependencyName": "Ads",
      "g": {
        "exceptions": [],
        "modifiers": [
          "abstract"
        ],
        "name": "recordImpression",
        "paramTypes": [
          {
            "pos": "0",
            "type": "android.os.Bundle"
          }
        ],
        "retType": "boolean"
      },
      "h": {
        "exceptions": [],
        "modifiers": [
          "abstract"
        ],
        "name": "recordImpressionEvent",
        "paramTypes": [
          {
            "pos": "0",
            "type": "android.os.Bundle"
          }
        ],
        "retType": "boolean"
      },
      "text": "Documents to be completed",
      "hName": "com.huawei.hms.ads.nativead.NativeAd",
      "url": "https://developer.huawei.com/consumer/en/"
    },
    {
      "correspondingStatus": "matching",
      "dependencyName": "Ads",
      "g": {
        "exceptions": [],
        "modifiers": [
          "abstract"
        ],
        "name": "reportTouchEvent",
        "paramTypes": [
          {
            "pos": "0",
            "type": "android.os.Bundle"
          }
        ],
        "retType": "void"
      },
      "h": {
        "exceptions": [],
        "modifiers": [
          "abstract"
        ],
        "name": "recordTouchEvent",
        "paramTypes": [
          {
            "pos": "0",
            "type": "android.os.Bundle"
          }
        ],
        "retType": "void"
      },
      "text": "Documents to be completed",
      "hName": "com.huawei.hms.ads.nativead.NativeAd",
      "url": "https://developer.huawei.com/consumer/en/"
    },
    {
      "correspondingStatus": "matching",
      "dependencyName": "Ads",
      "g": {
        "exceptions": [],
        "modifiers": [
          "abstract"
        ],
        "name": "setMuteThisAdListener",
        "paramTypes": [
          {
            "pos": "0",
            "type": "com.google.android.gms.ads.MuteThisAdListener"
          }
        ],
        "retType": "void"
      },
      "h": {
        "exceptions": [],
        "modifiers": [
          "abstract"
        ],
        "name": "setDislikeAdListener",
        "paramTypes": [
          {
            "pos": "0",
            "type": "com.huawei.hms.ads.nativead.DislikeAdListener"
          }
        ],
        "retType": "void"
      },
      "text": "Documents to be completed",
      "hName": "com.huawei.hms.ads.nativead.NativeAd",
      "url": "https://developer.huawei.com/consumer/en/"
    },
    {
      "correspondingStatus": "notSupport",
      "dependencyName": "Ads",
      "g": {
        "exceptions": [],
        "modifiers": [
          "abstract"
        ],
        "name": "setUnconfirmedClickListener",
        "paramTypes": [
          {
            "pos": "0",
            "type": "com.google.android.gms.ads.formats.UnifiedNativeAd.UnconfirmedClickListener"
          }
        ],
        "retType": "void"
      },
      "text": "HMS Core does not provide this method. You are advised to delete it.",
      "hName": "",
      "url": "https://developer.huawei.com/consumer/en/"
    },
    {
      "correspondingStatus": "matching",
      "dependencyName": "Ads",
      "g": {
        "exceptions": [],
        "modifiers": [],
        "name": "UnifiedNativeAd",
        "paramTypes": [],
        "retType": ""
      },
      "h": {
        "exceptions": [],
        "modifiers": [],
        "name": "NativeAd",
        "paramTypes": [],
        "retType": ""
      },
      "text": "Documents to be completed",
      "hName": "com.huawei.hms.ads.nativead.NativeAd",
      "url": "https://developer.huawei.com/consumer/en/"
    }
  ],
  "innerClass": false,
  "fields": [],
  "modifiers": [
    "abstract"
  ],
  "type": "class",
  "hName": "com.huawei.hms.ads.nativead.NativeAd",
  "kitName": "Ads",
  "status": "matching"
}