{
  "gName": "com.google.android.gms.ads.AdRequest.Builder",
  "interfaces": [],
  "dependencyName": "Ads",
  "superClass": "java.lang.Object",
  "methods": [
    {
      "correspondingStatus": "notSupport",
      "dependencyName": "Ads",
      "g": {
        "exceptions": [],
        "modifiers": [
          "final"
        ],
        "name": "addCustomEventExtrasBundle",
        "paramTypes": [
          {
            "pos": "0",
            "type": "java.lang.Class<? extends com.google.android.gms.ads.mediation.customevent.CustomEvent>"
          },
          {
            "pos": "1",
            "type": "android.os.Bundle"
          }
        ],
        "retType": "com.google.android.gms.ads.AdRequest.Builder"
      },
      "text": "HMS Core does not provide this method. You are advised to delete it.",
      "hName": "",
      "url": "https://developer.huawei.com/consumer/en/"
    },
    {
      "correspondingStatus": "matching",
      "dependencyName": "Ads",
      "g": {
        "exceptions": [],
        "modifiers": [
          "final"
        ],
        "name": "addKeyword",
        "paramTypes": [
          {
            "pos": "0",
            "type": "java.lang.String"
          }
        ],
        "retType": "com.google.android.gms.ads.AdRequest.Builder"
      },
      "h": {
        "exceptions": [],
        "modifiers": [],
        "name": "addKeyword",
        "paramTypes": [
          {
            "pos": "0",
            "type": "java.lang.String"
          }
        ],
        "retType": "com.huawei.hms.ads.AdParam.Builder"
      },
      "text": "Documents to be completed",
      "hName": "com.huawei.hms.ads.AdParam.Builder",
      "url": "https://developer.huawei.com/consumer/en/"
    },
    {
      "correspondingStatus": "notSupport",
      "dependencyName": "Ads",
      "g": {
        "exceptions": [],
        "modifiers": [
          "final"
        ],
        "name": "addNetworkExtras",
        "paramTypes": [
          {
            "pos": "0",
            "type": "com.google.android.gms.ads.mediation.NetworkExtras"
          }
        ],
        "retType": "com.google.android.gms.ads.AdRequest.Builder"
      },
      "text": "HMS Core does not provide this method. You are advised to delete it.",
      "hName": "",
      "url": "https://developer.huawei.com/consumer/en/"
    },
    {
      "correspondingStatus": "notSupport",
      "dependencyName": "Ads",
      "g": {
        "exceptions": [],
        "modifiers": [
          "final"
        ],
        "name": "addNetworkExtrasBundle",
        "paramTypes": [
          {
            "pos": "0",
            "type": "java.lang.Class<? extends com.google.android.gms.ads.mediation.MediationExtrasReceiver>"
          },
          {
            "pos": "1",
            "type": "android.os.Bundle"
          }
        ],
        "retType": "com.google.android.gms.ads.AdRequest.Builder"
      },
      "text": "HMS Core does not provide this method. You are advised to delete it.",
      "hName": "",
      "url": "https://developer.huawei.com/consumer/en/"
    },
    {
      "correspondingStatus": "notSupport",
      "dependencyName": "Ads",
      "g": {
        "exceptions": [],
        "modifiers": [
          "final"
        ],
        "name": "addTestDevice",
        "paramTypes": [
          {
            "pos": "0",
            "type": "java.lang.String"
          }
        ],
        "retType": "com.google.android.gms.ads.AdRequest.Builder"
      },
      "text": "HMS Core does not provide this method. You are advised to delete it.",
      "hName": "",
      "url": "https://developer.huawei.com/consumer/en/"
    },
    {
      "correspondingStatus": "matching",
      "dependencyName": "Ads",
      "g": {
        "exceptions": [],
        "modifiers": [
          "final"
        ],
        "name": "build",
        "paramTypes": [],
        "retType": "com.google.android.gms.ads.AdRequest"
      },
      "h": {
        "exceptions": [],
        "modifiers": [
          "final"
        ],
        "name": "build",
        "paramTypes": [],
        "retType": "com.huawei.hms.ads.AdParam"
      },
      "text": "Documents to be completed",
      "hName": "com.huawei.hms.ads.AdParam.Builder",
      "url": "https://developer.huawei.com/consumer/en/"
    },
    {
      "correspondingStatus": "notSupport",
      "dependencyName": "Ads",
      "g": {
        "exceptions": [],
        "modifiers": [
          "final"
        ],
        "name": "setBirthday",
        "paramTypes": [
          {
            "pos": "0",
            "type": "java.util.Date"
          }
        ],
        "retType": "com.google.android.gms.ads.AdRequest.Builder"
      },
      "text": "HMS Core does not provide this method. You are advised to delete it.",
      "hName": "",
      "url": "https://developer.huawei.com/consumer/en/"
    },
    {
      "correspondingStatus": "matching",
      "dependencyName": "Ads",
      "g": {
        "exceptions": [],
        "modifiers": [
          "final"
        ],
        "name": "setContentUrl",
        "paramTypes": [
          {
            "pos": "0",
            "type": "java.lang.String"
          }
        ],
        "retType": "com.google.android.gms.ads.AdRequest.Builder"
      },
      "h": {
        "exceptions": [],
        "modifiers": [
          "final"
        ],
        "name": "setTargetingContentUrl",
        "paramTypes": [
          {
            "pos": "0",
            "type": "java.lang.String"
          }
        ],
        "retType": "com.huawei.hms.ads.AdParam.Builder"
      },
      "text": "Documents to be completed",
      "hName": "com.huawei.hms.ads.AdParam.Builder",
      "url": "https://developer.huawei.com/consumer/en/"
    },
    {
      "correspondingStatus": "matching",
      "dependencyName": "Ads",
      "g": {
        "exceptions": [],
        "modifiers": [
          "final"
        ],
        "name": "setGender",
        "paramTypes": [
          {
            "pos": "0",
            "type": "int"
          }
        ],
        "retType": "com.google.android.gms.ads.AdRequest.Builder"
      },
      "h": {
        "exceptions": [],
        "modifiers": [
          "final"
        ],
        "name": "setGender",
        "paramTypes": [
          {
            "pos": "0",
            "type": "int"
          }
        ],
        "retType": "com.huawei.hms.ads.AdParam.Builder"
      },
      "text": "Documents to be completed",
      "hName": "com.huawei.hms.ads.AdParam.Builder",
      "url": "https://developer.huawei.com/consumer/en/"
    },
    {
      "correspondingStatus": "notSupport",
      "dependencyName": "Ads",
      "g": {
        "exceptions": [],
        "modifiers": [
          "final"
        ],
        "name": "setIsDesignedForFamilies",
        "paramTypes": [
          {
            "pos": "0",
            "type": "boolean"
          }
        ],
        "retType": "com.google.android.gms.ads.AdRequest.Builder"
      },
      "text": "HMS Core does not provide this method. You are advised to delete it.",
      "hName": "",
      "url": "https://developer.huawei.com/consumer/en/"
    },
    {
      "correspondingStatus": "notSupport",
      "dependencyName": "Ads",
      "g": {
        "exceptions": [],
        "modifiers": [
          "final"
        ],
        "name": "setLocation",
        "paramTypes": [
          {
            "pos": "0",
            "type": "android.location.Location"
          }
        ],
        "retType": "com.google.android.gms.ads.AdRequest.Builder"
      },
      "text": "HMS Core does not provide this method. You are advised to delete it.",
      "hName": "",
      "url": "https://developer.huawei.com/consumer/en/"
    },
    {
      "correspondingStatus": "matching",
      "dependencyName": "Ads",
      "g": {
        "exceptions": [],
        "modifiers": [
          "final"
        ],
        "name": "setMaxAdContentRating",
        "paramTypes": [
          {
            "pos": "0",
            "type": "java.lang.String"
          }
        ],
        "retType": "com.google.android.gms.ads.AdRequest.Builder"
      },
      "h": {
        "exceptions": [],
        "modifiers": [
          "final"
        ],
        "name": "setAdContentClassification",
        "paramTypes": [
          {
            "pos": "0",
            "type": "java.lang.String"
          }
        ],
        "retType": "com.huawei.hms.ads.AdParam.Builder"
      },
      "text": "Documents to be completed",
      "hName": "com.huawei.hms.ads.AdParam.Builder",
      "url": "https://developer.huawei.com/consumer/en/"
    },
    {
      "correspondingStatus": "matching",
      "dependencyName": "Ads",
      "g": {
        "exceptions": [],
        "modifiers": [
          "final"
        ],
        "name": "setRequestAgent",
        "paramTypes": [
          {
            "pos": "0",
            "type": "java.lang.String"
          }
        ],
        "retType": "com.google.android.gms.ads.AdRequest.Builder"
      },
      "h": {
        "exceptions": [],
        "modifiers": [
          "final"
        ],
        "name": "setRequestOrigin",
        "paramTypes": [
          {
            "pos": "0",
            "type": "java.lang.String"
          }
        ],
        "retType": "com.huawei.hms.ads.AdParam.Builder"
      },
      "text": "Documents to be completed",
      "hName": "com.huawei.hms.ads.AdParam.Builder",
      "url": "https://developer.huawei.com/consumer/en/"
    },
    {
      "correspondingStatus": "matching",
      "dependencyName": "Ads",
      "g": {
        "exceptions": [],
        "modifiers": [
          "final"
        ],
        "name": "setTagForUnderAgeOfConsent",
        "paramTypes": [
          {
            "pos": "0",
            "type": "int"
          }
        ],
        "retType": "com.google.android.gms.ads.AdRequest.Builder"
      },
      "h": {
        "exceptions": [],
        "modifiers": [
          "final"
        ],
        "name": "setTagForUnderAgeOfPromise",
        "paramTypes": [
          {
            "pos": "0",
            "type": "java.lang.Integer"
          }
        ],
        "retType": "com.huawei.hms.ads.AdParam.Builder"
      },
      "text": "Documents to be completed",
      "hName": "com.huawei.hms.ads.AdParam.Builder",
      "url": "https://developer.huawei.com/consumer/en/"
    },
    {
      "correspondingStatus": "matching",
      "dependencyName": "Ads",
      "g": {
        "exceptions": [],
        "modifiers": [
          "final"
        ],
        "name": "tagForChildDirectedTreatment",
        "paramTypes": [
          {
            "pos": "0",
            "type": "boolean"
          }
        ],
        "retType": "com.google.android.gms.ads.AdRequest.Builder"
      },
      "h": {
        "exceptions": [],
        "modifiers": [
          "final"
        ],
        "name": "setTagForChildProtection",
        "paramTypes": [
          {
            "pos": "0",
            "type": "java.lang.Integer"
          }
        ],
        "retType": "com.huawei.hms.ads.AdParam.Builder"
      },
      "text": "Documents to be completed",
      "hName": "com.huawei.hms.ads.AdParam.Builder",
      "url": "https://developer.huawei.com/consumer/en/"
    },
    {
      "correspondingStatus": "matching",
      "dependencyName": "Ads",
      "g": {
        "exceptions": [],
        "modifiers": [],
        "name": "Builder",
        "paramTypes": [],
        "retType": ""
      },
      "h": {
        "exceptions": [],
        "modifiers": [],
        "name": "Builder",
        "paramTypes": [],
        "retType": ""
      },
      "text": "Documents to be completed",
      "hName": "com.huawei.hms.ads.AdParam.Builder",
      "url": "https://developer.huawei.com/consumer/en/"
    }
  ],
  "innerClass": true,
  "fields": [],
  "modifiers": [
    "static",
    "final"
  ],
  "type": "class",
  "hName": "com.huawei.hms.ads.AdParam.Builder",
  "kitName": "Ads",
  "status": "matching"
}