{
  "gName": "com.android.installreferrer.api.ReferrerDetails",
  "interfaces": [],
  "dependencyName": "Ads",
  "superClass": "",
  "methods": [
    {
      "correspondingStatus": "matching",
      "dependencyName": "Ads",
      "g": {
        "exceptions": [],
        "modifiers": [],
        "name": "ReferrerDetails",
        "paramTypes": [
          {
            "pos": "0",
            "type": "android.os.Bundle"
          }
        ],
        "retType": ""
      },
      "h": {
        "exceptions": [],
        "modifiers": [],
        "name": "ReferrerDetails",
        "paramTypes": [
          {
            "pos": "0",
            "type": "android.os.Bundle"
          }
        ],
        "retType": ""
      },
      "text": "Documents to be completed",
      "hName": "com.huawei.hms.ads.installreferrer.api.ReferrerDetails",
      "url": "https://developer.huawei.com/consumer/en/"
    },
    {
      "correspondingStatus": "matching",
      "dependencyName": "Ads",
      "g": {
        "exceptions": [],
        "modifiers": [],
        "name": "getInstallBeginTimestampSeconds",
        "paramTypes": [],
        "retType": "long"
      },
      "h": {
        "exceptions": [],
        "modifiers": [],
        "name": "getInstallBeginTimestampSeconds",
        "paramTypes": [],
        "retType": "long"
      },
      "text": "Documents to be completed",
      "hName": "com.huawei.hms.ads.installreferrer.api.ReferrerDetails",
      "url": "https://developer.huawei.com/consumer/en/"
    },
    {
      "correspondingStatus": "matching",
      "dependencyName": "Ads",
      "g": {
        "exceptions": [],
        "modifiers": [],
        "name": "getInstallReferrer",
        "paramTypes": [],
        "retType": "java.lang.String"
      },
      "h": {
        "exceptions": [],
        "modifiers": [],
        "name": "getInstallReferrer",
        "paramTypes": [],
        "retType": "java.lang.String"
      },
      "text": "Documents to be completed",
      "hName": "com.huawei.hms.ads.installreferrer.api.ReferrerDetails",
      "url": "https://developer.huawei.com/consumer/en/"
    },
    {
      "correspondingStatus": "matching",
      "dependencyName": "Ads",
      "g": {
        "exceptions": [],
        "modifiers": [],
        "name": "getReferrerClickTimestampSeconds",
        "paramTypes": [],
        "retType": "long"
      },
      "h": {
        "exceptions": [],
        "modifiers": [],
        "name": "getReferrerClickTimestampSeconds",
        "paramTypes": [],
        "retType": "long"
      },
      "text": "Documents to be completed",
      "hName": "com.huawei.hms.ads.installreferrer.api.ReferrerDetails",
      "url": "https://developer.huawei.com/consumer/en/"
    }
  ],
  "innerClass": false,
  "fields": [],
  "modifiers": [],
  "type": "class",
  "hName": "com.huawei.hms.ads.installreferrer.api.ReferrerDetails",
  "kitName": "Ads",
  "status": "matching"
}