{
  "gName": "com.google.android.gms.ads.identifier.AdvertisingIdClient.Info",
  "interfaces": [],
  "dependencyName": "Ads",
  "superClass": "",
  "methods": [
    {
      "correspondingStatus": "matching",
      "dependencyName": "Ads",
      "g": {
        "exceptions": [],
        "modifiers": [],
        "name": "Info",
        "paramTypes": [
          {
            "pos": "0",
            "type": "java.lang.String"
          },
          {
            "pos": "1",
            "type": "boolean"
          }
        ],
        "retType": ""
      },
      "h": {
        "exceptions": [],
        "modifiers": [],
        "name": "Info",
        "paramTypes": [
          {
            "pos": "0",
            "type": "java.lang.String"
          },
          {
            "pos": "1",
            "type": "boolean"
          }
        ],
        "retType": ""
      },
      "text": "Documents to be completed",
      "hName": "com.huawei.hms.ads.identifier.AdvertisingIdClient.Info",
      "url": "https://developer.huawei.com/consumer/en/"
    },
    {
      "correspondingStatus": "matching",
      "dependencyName": "Ads",
      "g": {
        "exceptions": [],
        "modifiers": [
          "final"
        ],
        "name": "getId",
        "paramTypes": [],
        "retType": "java.lang.String"
      },
      "h": {
        "exceptions": [],
        "modifiers": [
          "final"
        ],
        "name": "getId",
        "paramTypes": [],
        "retType": "java.lang.String"
      },
      "text": "Documents to be completed",
      "hName": "com.huawei.hms.ads.identifier.AdvertisingIdClient.Info",
      "url": "https://developer.huawei.com/consumer/en/"
    },
    {
      "correspondingStatus": "matching",
      "dependencyName": "Ads",
      "g": {
        "exceptions": [],
        "modifiers": [
          "final"
        ],
        "name": "isLimitAdTrackingEnabled",
        "paramTypes": [],
        "retType": "boolean"
      },
      "h": {
        "exceptions": [],
        "modifiers": [],
        "name": "isLimitAdTrackingEnabled",
        "paramTypes": [],
        "retType": "boolean"
      },
      "text": "Documents to be completed",
      "hName": "com.huawei.hms.ads.identifier.AdvertisingIdClient.Info",
      "url": "https://developer.huawei.com/consumer/en/"
    },
    {
      "correspondingStatus": "matching",
      "dependencyName": "Ads",
      "g": {
        "exceptions": [],
        "modifiers": [],
        "name": "toString",
        "paramTypes": [],
        "retType": "java.lang.String"
      },
      "h": {
        "exceptions": [],
        "modifiers": [],
        "name": "toString",
        "paramTypes": [],
        "retType": "java.lang.String"
      },
      "text": "Documents to be completed",
      "hName": "com.huawei.hms.ads.identifier.AdvertisingIdClient.Info",
      "url": "https://developer.huawei.com/consumer/en/"
    }
  ],
  "innerClass": true,
  "fields": [],
  "modifiers": [
    "static",
    "final"
  ],
  "type": "class",
  "hName": "com.huawei.hms.ads.identifier.AdvertisingIdClient.Info",
  "kitName": "Ads",
  "status": "matching"
}