{
  "gName": "com.google.android.gms.ads.formats.NativeCustomTemplateAd",
  "interfaces": [],
  "dependencyName": "Ads",
  "superClass": "",
  "methods": [
    {
      "correspondingStatus": "notSupport",
      "dependencyName": "Ads",
      "g": {
        "exceptions": [],
        "modifiers": [
          "abstract"
        ],
        "name": "destroy",
        "paramTypes": [],
        "retType": "void"
      },
      "text": "HMS Core does not provide this method. You are advised to replace it with NativeAd.",
      "hName": "",
      "url": "https://developer.huawei.com/consumer/en/doc/development/HMSCore-Guides/publisher-service-native-0000001050064968"
    },
    {
      "correspondingStatus": "notSupport",
      "dependencyName": "Ads",
      "g": {
        "exceptions": [],
        "modifiers": [
          "abstract"
        ],
        "name": "getAvailableAssetNames",
        "paramTypes": [],
        "retType": "java.util.List<java.lang.String>"
      },
      "text": "HMS Core does not provide this method. You are advised to replace it with NativeAd.",
      "hName": "",
      "url": "https://developer.huawei.com/consumer/en/doc/development/HMSCore-Guides/publisher-service-native-0000001050064968"
    },
    {
      "correspondingStatus": "notSupport",
      "dependencyName": "Ads",
      "g": {
        "exceptions": [],
        "modifiers": [
          "abstract"
        ],
        "name": "getCustomTemplateId",
        "paramTypes": [],
        "retType": "java.lang.String"
      },
      "text": "HMS Core does not provide this method. You are advised to replace it with NativeAd.",
      "hName": "",
      "url": "https://developer.huawei.com/consumer/en/doc/development/HMSCore-Guides/publisher-service-native-0000001050064968"
    },
    {
      "correspondingStatus": "notSupport",
      "dependencyName": "Ads",
      "g": {
        "exceptions": [],
        "modifiers": [
          "abstract"
        ],
        "name": "getDisplayOpenMeasurement",
        "paramTypes": [],
        "retType": "com.google.android.gms.ads.formats.NativeCustomTemplateAd.DisplayOpenMeasurement"
      },
      "text": "HMS Core does not provide this method. You are advised to replace it with NativeAd.",
      "hName": "",
      "url": "https://developer.huawei.com/consumer/en/doc/development/HMSCore-Guides/publisher-service-native-0000001050064968"
    },
    {
      "correspondingStatus": "notSupport",
      "dependencyName": "Ads",
      "g": {
        "exceptions": [],
        "modifiers": [
          "abstract"
        ],
        "name": "getImage",
        "paramTypes": [
          {
            "pos": "0",
            "type": "java.lang.String"
          }
        ],
        "retType": "com.google.android.gms.ads.formats.NativeAd.Image"
      },
      "text": "HMS Core does not provide this method. You are advised to replace it with NativeAd.",
      "hName": "",
      "url": "https://developer.huawei.com/consumer/en/doc/development/HMSCore-Guides/publisher-service-native-0000001050064968"
    },
    {
      "correspondingStatus": "notSupport",
      "dependencyName": "Ads",
      "g": {
        "exceptions": [],
        "modifiers": [
          "abstract"
        ],
        "name": "getText",
        "paramTypes": [
          {
            "pos": "0",
            "type": "java.lang.String"
          }
        ],
        "retType": "java.lang.CharSequence"
      },
      "text": "HMS Core does not provide this method. You are advised to replace it with NativeAd.",
      "hName": "",
      "url": "https://developer.huawei.com/consumer/en/doc/development/HMSCore-Guides/publisher-service-native-0000001050064968"
    },
    {
      "correspondingStatus": "notSupport",
      "dependencyName": "Ads",
      "g": {
        "exceptions": [],
        "modifiers": [
          "abstract"
        ],
        "name": "getVideoController",
        "paramTypes": [],
        "retType": "com.google.android.gms.ads.VideoController"
      },
      "text": "HMS Core does not provide this method. You are advised to replace it with NativeAd.",
      "hName": "",
      "url": "https://developer.huawei.com/consumer/en/doc/development/HMSCore-Guides/publisher-service-native-0000001050064968"
    },
    {
      "correspondingStatus": "notSupport",
      "dependencyName": "Ads",
      "g": {
        "exceptions": [],
        "modifiers": [
          "abstract"
        ],
        "name": "getVideoMediaView",
        "paramTypes": [],
        "retType": "com.google.android.gms.ads.formats.MediaView"
      },
      "text": "HMS Core does not provide this method. You are advised to replace it with NativeAd.",
      "hName": "",
      "url": "https://developer.huawei.com/consumer/en/doc/development/HMSCore-Guides/publisher-service-native-0000001050064968"
    },
    {
      "correspondingStatus": "notSupport",
      "dependencyName": "Ads",
      "g": {
        "exceptions": [],
        "modifiers": [
          "abstract"
        ],
        "name": "performClick",
        "paramTypes": [
          {
            "pos": "0",
            "type": "java.lang.String"
          }
        ],
        "retType": "void"
      },
      "text": "HMS Core does not provide this method. You are advised to replace it with NativeAd.",
      "hName": "",
      "url": "https://developer.huawei.com/consumer/en/doc/development/HMSCore-Guides/publisher-service-native-0000001050064968"
    },
    {
      "correspondingStatus": "notSupport",
      "dependencyName": "Ads",
      "g": {
        "exceptions": [],
        "modifiers": [
          "abstract"
        ],
        "name": "recordImpression",
        "paramTypes": [],
        "retType": "void"
      },
      "text": "HMS Core does not provide this method. You are advised to replace it with NativeAd.",
      "hName": "",
      "url": "https://developer.huawei.com/consumer/en/doc/development/HMSCore-Guides/publisher-service-native-0000001050064968"
    }
  ],
  "innerClass": false,
  "fields": [
    {
      "correspondingStatus": "notSupport",
      "dependencyName": "Ads",
      "g": {
        "name": "ASSET_NAME_VIDEO",
        "modifiers": [
          "static",
          "final"
        ],
        "type": "java.lang.String",
        "value": "_videoMediaView"
      },
      "text": "HMS Core does not provide this method. You are advised to replace it with NativeAd.",
      "hName": "",
      "url": "https://developer.huawei.com/consumer/en/doc/development/HMSCore-Guides/publisher-service-native-0000001050064968"
    }
  ],
  "modifiers": [
    "abstract"
  ],
  "type": "interface",
  "hName": "",
  "kitName": "Ads",
  "status": "notSupport"
}