{
  "gName": "com.android.installreferrer.api.InstallReferrerClient.Builder",
  "interfaces": [],
  "dependencyName": "Ads",
  "superClass": "",
  "methods": [
    {
      "correspondingStatus": "matching",
      "dependencyName": "Ads",
      "g": {
        "exceptions": [],
        "modifiers": [],
        "name": "build",
        "paramTypes": [],
        "retType": "com.android.installreferrer.api.InstallReferrerClient"
      },
      "h": {
        "exceptions": [
          "java.lang.IllegalArgumentException"
        ],
        "modifiers": [],
        "name": "build",
        "paramTypes": [],
        "retType": "com.huawei.hms.ads.installreferrer.api.InstallReferrerClient"
      },
      "text": "Documents to be completed",
      "hName": "com.huawei.hms.ads.installreferrer.api.InstallReferrerClient.Builder",
      "url": "https://developer.huawei.com/consumer/en/"
    }
  ],
  "innerClass": true,
  "fields": [],
  "modifiers": [
    "static",
    "final"
  ],
  "type": "class",
  "hName": "com.huawei.hms.ads.installreferrer.api.InstallReferrerClient.Builder",
  "kitName": "Ads",
  "status": "matching"
}