{
  "gName": "com.google.android.gms.ads.AdLoader.Builder",
  "interfaces": [],
  "dependencyName": "Ads",
  "superClass": "java.lang.Object",
  "methods": [
    {
      "correspondingStatus": "matching",
      "dependencyName": "Ads",
      "g": {
        "exceptions": [],
        "modifiers": [],
        "name": "build",
        "paramTypes": [],
        "retType": "com.google.android.gms.ads.AdLoader"
      },
      "h": {
        "exceptions": [],
        "modifiers": [],
        "name": "build",
        "paramTypes": [],
        "retType": "com.huawei.hms.ads.nativead.NativeAdLoader"
      },
      "text": "Documents to be completed",
      "hName": "com.huawei.hms.ads.nativead.NativeAdLoader.Builder",
      "url": "https://developer.huawei.com/consumer/en/"
    },
    {
      "correspondingStatus": "matching",
      "dependencyName": "Ads",
      "g": {
        "exceptions": [],
        "modifiers": [],
        "name": "forAppInstallAd",
        "paramTypes": [
          {
            "pos": "0",
            "type": "com.google.android.gms.ads.formats.NativeAppInstallAd.OnAppInstallAdLoadedListener"
          }
        ],
        "retType": "com.google.android.gms.ads.AdLoader.Builder"
      },
      "h": {
        "exceptions": [],
        "modifiers": [],
        "name": "setNativeAdLoadedListener",
        "paramTypes": [
          {
            "pos": "0",
            "type": "com.huawei.hms.ads.nativead.NativeAd.NativeAdLoadedListener"
          }
        ],
        "retType": "com.huawei.hms.ads.nativead.NativeAdLoader.Builder"
      },
      "text": "Documents to be completed",
      "hName": "com.huawei.hms.ads.nativead.NativeAdLoader.Builder",
      "url": "https://developer.huawei.com/consumer/en/"
    },
    {
      "correspondingStatus": "matching",
      "dependencyName": "Ads",
      "g": {
        "exceptions": [],
        "modifiers": [],
        "name": "forContentAd",
        "paramTypes": [
          {
            "pos": "0",
            "type": "com.google.android.gms.ads.formats.NativeContentAd.OnContentAdLoadedListener"
          }
        ],
        "retType": "com.google.android.gms.ads.AdLoader.Builder"
      },
      "h": {
        "exceptions": [],
        "modifiers": [],
        "name": "setNativeAdLoadedListener",
        "paramTypes": [
          {
            "pos": "0",
            "type": "com.huawei.hms.ads.nativead.NativeAd.NativeAdLoadedListener"
          }
        ],
        "retType": "com.huawei.hms.ads.nativead.NativeAdLoader.Builder"
      },
      "text": "Documents to be completed",
      "hName": "com.huawei.hms.ads.nativead.NativeAdLoader.Builder",
      "url": "https://developer.huawei.com/consumer/en/"
    },
    {
      "correspondingStatus": "notSupport",
      "dependencyName": "Ads",
      "g": {
        "exceptions": [],
        "modifiers": [],
        "name": "forCustomTemplateAd",
        "paramTypes": [
          {
            "pos": "0",
            "type": "java.lang.String"
          },
          {
            "pos": "1",
            "type": "com.google.android.gms.ads.formats.NativeCustomTemplateAd.OnCustomTemplateAdLoadedListener"
          },
          {
            "pos": "2",
            "type": "com.google.android.gms.ads.formats.NativeCustomTemplateAd.OnCustomClickListener"
          }
        ],
        "retType": "com.google.android.gms.ads.AdLoader.Builder"
      },
      "text": "HMS Core does not provide this method. You are advised to replace it with NativeAd.",
      "hName": "",
      "url": "https://developer.huawei.com/consumer/en/doc/development/HMSCore-Guides/publisher-service-native-0000001050064968"
    },
    {
      "correspondingStatus": "notSupport",
      "dependencyName": "Ads",
      "g": {
        "exceptions": [],
        "modifiers": [],
        "name": "forPublisherAdView",
        "paramTypes": [
          {
            "pos": "0",
            "type": "com.google.android.gms.ads.formats.OnPublisherAdViewLoadedListener"
          },
          {
            "pos": "1",
            "type": "com.google.android.gms.ads.AdSize..."
          }
        ],
        "retType": "com.google.android.gms.ads.AdLoader.Builder"
      },
      "text": "HMS Core does not provide this method. You are advised to replace it with NativeAd.",
      "hName": "",
      "url": "https://developer.huawei.com/consumer/en/doc/development/HMSCore-Guides/publisher-service-native-0000001050064968"
    },
    {
      "correspondingStatus": "matching",
      "dependencyName": "Ads",
      "g": {
        "exceptions": [],
        "modifiers": [],
        "name": "forUnifiedNativeAd",
        "paramTypes": [
          {
            "pos": "0",
            "type": "com.google.android.gms.ads.formats.UnifiedNativeAd.OnUnifiedNativeAdLoadedListener"
          }
        ],
        "retType": "com.google.android.gms.ads.AdLoader.Builder"
      },
      "h": {
        "exceptions": [],
        "modifiers": [],
        "name": "setNativeAdLoadedListener",
        "paramTypes": [
          {
            "pos": "0",
            "type": "com.huawei.hms.ads.nativead.NativeAd.NativeAdLoadedListener"
          }
        ],
        "retType": "com.huawei.hms.ads.nativead.NativeAdLoader.Builder"
      },
      "text": "Documents to be completed",
      "hName": "com.huawei.hms.ads.nativead.NativeAdLoader.Builder",
      "url": "https://developer.huawei.com/consumer/en/"
    },
    {
      "correspondingStatus": "matching",
      "dependencyName": "Ads",
      "g": {
        "exceptions": [],
        "modifiers": [],
        "name": "withAdListener",
        "paramTypes": [
          {
            "pos": "0",
            "type": "com.google.android.gms.ads.AdListener"
          }
        ],
        "retType": "com.google.android.gms.ads.AdLoader.Builder"
      },
      "h": {
        "exceptions": [],
        "modifiers": [],
        "name": "setAdListener",
        "paramTypes": [
          {
            "pos": "0",
            "type": "com.huawei.hms.ads.AdListener"
          }
        ],
        "retType": "com.huawei.hms.ads.nativead.NativeAdLoader.Builder"
      },
      "text": "Documents to be completed",
      "hName": "com.huawei.hms.ads.nativead.NativeAdLoader.Builder",
      "url": "https://developer.huawei.com/consumer/en/"
    },
    {
      "correspondingStatus": "matching",
      "dependencyName": "Ads",
      "g": {
        "exceptions": [],
        "modifiers": [],
        "name": "withNativeAdOptions",
        "paramTypes": [
          {
            "pos": "0",
            "type": "com.google.android.gms.ads.formats.NativeAdOptions"
          }
        ],
        "retType": "com.google.android.gms.ads.AdLoader.Builder"
      },
      "h": {
        "exceptions": [],
        "modifiers": [],
        "name": "setNativeAdOptions",
        "paramTypes": [
          {
            "pos": "0",
            "type": "com.huawei.hms.ads.nativead.NativeAdConfiguration"
          }
        ],
        "retType": "com.huawei.hms.ads.nativead.NativeAdLoader.Builder"
      },
      "text": "Documents to be completed",
      "hName": "com.huawei.hms.ads.nativead.NativeAdLoader.Builder",
      "url": "https://developer.huawei.com/consumer/en/"
    },
    {
      "correspondingStatus": "notSupport",
      "dependencyName": "Ads",
      "g": {
        "exceptions": [],
        "modifiers": [],
        "name": "withPublisherAdViewOptions",
        "paramTypes": [
          {
            "pos": "0",
            "type": "com.google.android.gms.ads.formats.PublisherAdViewOptions"
          }
        ],
        "retType": "com.google.android.gms.ads.AdLoader.Builder"
      },
      "text": "HMS Core does not provide this method. You are advised to replace it with NativeAd.",
      "hName": "",
      "url": "https://developer.huawei.com/consumer/en/doc/development/HMSCore-Guides/publisher-service-native-0000001050064968"
    },
    {
      "correspondingStatus": "matching",
      "dependencyName": "Ads",
      "g": {
        "exceptions": [],
        "modifiers": [],
        "name": "Builder",
        "paramTypes": [
          {
            "pos": "0",
            "type": "android.content.Context"
          },
          {
            "pos": "1",
            "type": "java.lang.String"
          }
        ],
        "retType": ""
      },
      "h": {
        "exceptions": [],
        "modifiers": [],
        "name": "Builder",
        "paramTypes": [
          {
            "pos": "0",
            "type": "android.content.Context"
          },
          {
            "pos": "1",
            "type": "java.lang.String"
          }
        ],
        "retType": ""
      },
      "text": "Documents to be completed",
      "hName": "com.huawei.hms.ads.nativead.NativeAdLoader.Builder",
      "url": "https://developer.huawei.com/consumer/en/"
    }
  ],
  "innerClass": true,
  "fields": [],
  "modifiers": [
    "static"
  ],
  "type": "class",
  "hName": "com.huawei.hms.ads.nativead.NativeAdLoader.Builder",
  "kitName": "Ads",
  "status": "matching"
}