{
  "gName": "com.google.android.gms.ads.identifier.AdvertisingIdClient",
  "interfaces": [],
  "dependencyName": "Ads",
  "superClass": "",
  "methods": [
    {
      "correspondingStatus": "matching",
      "dependencyName": "Ads",
      "g": {
        "exceptions": [
          "java.io.IOException",
          "java.lang.IllegalStateException",
          "com.google.android.gms.common.GooglePlayServicesNotAvailableException",
          "com.google.android.gms.common.GooglePlayServicesRepairableException"
        ],
        "modifiers": [
          "static"
        ],
        "name": "getAdvertisingIdInfo",
        "paramTypes": [
          {
            "pos": "0",
            "type": "android.content.Context"
          }
        ],
        "retType": "com.google.android.gms.ads.identifier.AdvertisingIdClient.Info"
      },
      "h": {
        "exceptions": [
          "java.io.IOException"
        ],
        "modifiers": [
          "static"
        ],
        "name": "getAdvertisingIdInfo",
        "paramTypes": [
          {
            "pos": "0",
            "type": "android.content.Context"
          }
        ],
        "retType": "com.huawei.hms.ads.identifier.AdvertisingIdClient.Info"
      },
      "text": "Documents to be completed",
      "hName": "com.huawei.hms.ads.identifier.AdvertisingIdClient",
      "url": "https://developer.huawei.com/consumer/en/"
    }
  ],
  "innerClass": false,
  "fields": [],
  "modifiers": [],
  "type": "class",
  "hName": "com.huawei.hms.ads.identifier.AdvertisingIdClient",
  "kitName": "Ads",
  "status": "matching"
}