{
  "gName": "com.google.android.gms.ads.formats.UnifiedNativeAdAssetNames",
  "interfaces": [],
  "dependencyName": "Ads",
  "superClass": "java.lang.Object",
  "methods": [
    {
      "correspondingStatus": "matching",
      "dependencyName": "Ads",
      "g": {
        "exceptions": [],
        "modifiers": [],
        "name": "UnifiedNativeAdAssetNames",
        "paramTypes": [],
        "retType": ""
      },
      "h": {
        "exceptions": [],
        "modifiers": [],
        "name": "NativeAdAssetNames",
        "paramTypes": [],
        "retType": ""
      },
      "text": "Documents to be completed",
      "hName": "com.huawei.hms.ads.nativead.NativeAdAssetNames",
      "url": "https://developer.huawei.com/consumer/en/"
    }
  ],
  "innerClass": false,
  "fields": [
    {
      "correspondingStatus": "matching",
      "dependencyName": "Ads",
      "g": {
        "name": "ASSET_ADCHOICES_CONTAINER_VIEW",
        "modifiers": [
          "static",
          "final"
        ],
        "type": "java.lang.String",
        "value": "3011"
      },
      "h": {
        "name": "CHOICES_CONTAINER",
        "modifiers": [],
        "type": "java.lang.String",
        "value": "11"
      },
      "text": "\"UnifiedNativeAdAssetNames public static final java.lang.String ASSET_ADCHOICES_CONTAINER_VIEW = 3011\" will be replaced by \"NativeAdAssetNames java.lang.String CHOICES_CONTAINER = \"11\"\"",
      "hName": "com.huawei.hms.ads.nativead.NativeAdAssetNames",
      "url": "https://developer.huawei.com/consumer/en/"
    },
    {
      "correspondingStatus": "matching",
      "dependencyName": "Ads",
      "g": {
        "name": "ASSET_ADVERTISER",
        "modifiers": [
          "static",
          "final"
        ],
        "type": "java.lang.String",
        "value": "3005"
      },
      "h": {
        "name": "AD_SOURCE",
        "modifiers": [],
        "type": "java.lang.String",
        "value": "5"
      },
      "text": "\"UnifiedNativeAdAssetNames public static final java.lang.String ASSET_ADVERTISER = 3005\" will be replaced by \"NativeAdAssetNames java.lang.String AD_SOURCE = \"5\"\"",
      "hName": "com.huawei.hms.ads.nativead.NativeAdAssetNames",
      "url": "https://developer.huawei.com/consumer/en/"
    },
    {
      "correspondingStatus": "matching",
      "dependencyName": "Ads",
      "g": {
        "name": "ASSET_BODY",
        "modifiers": [
          "static",
          "final"
        ],
        "type": "java.lang.String",
        "value": "3004"
      },
      "h": {
        "name": "DESC",
        "modifiers": [],
        "type": "java.lang.String",
        "value": "4"
      },
      "text": "\"UnifiedNativeAdAssetNames public static final java.lang.String ASSET_BODY = 3004\" will be replaced by \"NativeAdAssetNames java.lang.String DESC = \"4\"\"",
      "hName": "com.huawei.hms.ads.nativead.NativeAdAssetNames",
      "url": "https://developer.huawei.com/consumer/en/"
    },
    {
      "correspondingStatus": "matching",
      "dependencyName": "Ads",
      "g": {
        "name": "ASSET_CALL_TO_ACTION",
        "modifiers": [
          "static",
          "final"
        ],
        "type": "java.lang.String",
        "value": "3002"
      },
      "h": {
        "name": "CALL_TO_ACTION",
        "modifiers": [],
        "type": "java.lang.String",
        "value": "2"
      },
      "text": "\"UnifiedNativeAdAssetNames public static final java.lang.String ASSET_CALL_TO_ACTION = 3002\" will be replaced by \"NativeAdAssetNames java.lang.String CALL_TO_ACTION = \"2\"\"",
      "hName": "com.huawei.hms.ads.nativead.NativeAdAssetNames",
      "url": "https://developer.huawei.com/consumer/en/"
    },
    {
      "correspondingStatus": "matching",
      "dependencyName": "Ads",
      "g": {
        "name": "ASSET_HEADLINE",
        "modifiers": [
          "static",
          "final"
        ],
        "type": "java.lang.String",
        "value": "3001"
      },
      "h": {
        "name": "TITLE",
        "modifiers": [],
        "type": "java.lang.String",
        "value": "1"
      },
      "text": "\"UnifiedNativeAdAssetNames public static final java.lang.String ASSET_HEADLINE = 3001\" will be replaced by \"NativeAdAssetNames java.lang.String TITLE = \"1\"\"",
      "hName": "com.huawei.hms.ads.nativead.NativeAdAssetNames",
      "url": "https://developer.huawei.com/consumer/en/"
    },
    {
      "correspondingStatus": "matching",
      "dependencyName": "Ads",
      "g": {
        "name": "ASSET_ICON",
        "modifiers": [
          "static",
          "final"
        ],
        "type": "java.lang.String",
        "value": "3003"
      },
      "h": {
        "name": "ICON",
        "modifiers": [],
        "type": "java.lang.String",
        "value": "3"
      },
      "text": "\"UnifiedNativeAdAssetNames public static final java.lang.String ASSET_ICON = 3003\" will be replaced by \"NativeAdAssetNames java.lang.String ICON = \"3\"\"",
      "hName": "com.huawei.hms.ads.nativead.NativeAdAssetNames",
      "url": "https://developer.huawei.com/consumer/en/"
    },
    {
      "correspondingStatus": "matching",
      "dependencyName": "Ads",
      "g": {
        "name": "ASSET_IMAGE",
        "modifiers": [
          "static",
          "final"
        ],
        "type": "java.lang.String",
        "value": "3008"
      },
      "h": {
        "name": "IMAGE",
        "modifiers": [],
        "type": "java.lang.String",
        "value": "8"
      },
      "text": "\"UnifiedNativeAdAssetNames public static final java.lang.String ASSET_IMAGE = 3008\" will be replaced by \"NativeAdAssetNames java.lang.String IMAGE = \"8\"\"",
      "hName": "com.huawei.hms.ads.nativead.NativeAdAssetNames",
      "url": "https://developer.huawei.com/consumer/en/"
    },
    {
      "correspondingStatus": "matching",
      "dependencyName": "Ads",
      "g": {
        "name": "ASSET_MEDIA_VIDEO",
        "modifiers": [
          "static",
          "final"
        ],
        "type": "java.lang.String",
        "value": "3010"
      },
      "h": {
        "name": "MEDIA_VIDEO",
        "modifiers": [],
        "type": "java.lang.String",
        "value": "10"
      },
      "text": "\"UnifiedNativeAdAssetNames public static final java.lang.String ASSET_MEDIA_VIDEO = 3010\" will be replaced by \"NativeAdAssetNames java.lang.String MEDIA_VIDEO = \"10\"\"",
      "hName": "com.huawei.hms.ads.nativead.NativeAdAssetNames",
      "url": "https://developer.huawei.com/consumer/en/"
    },
    {
      "correspondingStatus": "matching",
      "dependencyName": "Ads",
      "g": {
        "name": "ASSET_PRICE",
        "modifiers": [
          "static",
          "final"
        ],
        "type": "java.lang.String",
        "value": "3007"
      },
      "h": {
        "name": "PRICE",
        "modifiers": [],
        "type": "java.lang.String",
        "value": "7"
      },
      "text": "\"UnifiedNativeAdAssetNames public static final java.lang.String ASSET_PRICE = 3007\" will be replaced by \"NativeAdAssetNames java.lang.String PRICE = \"7\"\"",
      "hName": "com.huawei.hms.ads.nativead.NativeAdAssetNames",
      "url": "https://developer.huawei.com/consumer/en/"
    },
    {
      "correspondingStatus": "matching",
      "dependencyName": "Ads",
      "g": {
        "name": "ASSET_STAR_RATING",
        "modifiers": [
          "static",
          "final"
        ],
        "type": "java.lang.String",
        "value": "3009"
      },
      "h": {
        "name": "RATING",
        "modifiers": [],
        "type": "java.lang.String",
        "value": "9"
      },
      "text": "\"UnifiedNativeAdAssetNames public static final java.lang.String ASSET_STAR_RATING = 3009\" will be replaced by \"NativeAdAssetNames java.lang.String RATING = \"9\"\"",
      "hName": "com.huawei.hms.ads.nativead.NativeAdAssetNames",
      "url": "https://developer.huawei.com/consumer/en/"
    },
    {
      "correspondingStatus": "matching",
      "dependencyName": "Ads",
      "g": {
        "name": "ASSET_STORE",
        "modifiers": [
          "static",
          "final"
        ],
        "type": "java.lang.String",
        "value": "3006"
      },
      "h": {
        "name": "MARKET",
        "modifiers": [],
        "type": "java.lang.String",
        "value": "6"
      },
      "text": "\"UnifiedNativeAdAssetNames public static final java.lang.String ASSET_STORE = 3006\" will be replaced by \"NativeAdAssetNames java.lang.String MARKET = \"6\"\"",
      "hName": "com.huawei.hms.ads.nativead.NativeAdAssetNames",
      "url": "https://developer.huawei.com/consumer/en/"
    }
  ],
  "modifiers": [],
  "type": "class",
  "hName": "com.huawei.hms.ads.nativead.NativeAdAssetNames",
  "kitName": "Ads",
  "status": "improve"
}