{
  "gName": "com.google.android.gms.ads.formats.NativeContentAdView",
  "interfaces": [],
  "dependencyName": "Ads",
  "superClass": "com.google.android.gms.ads.formats.NativeAdView",
  "methods": [
    {
      "correspondingStatus": "matching",
      "dependencyName": "Ads",
      "g": {
        "exceptions": [],
        "modifiers": [
          "final"
        ],
        "name": "getAdvertiserView",
        "paramTypes": [],
        "retType": "android.view.View"
      },
      "h": {
        "exceptions": [],
        "modifiers": [],
        "name": "getAdSourceView",
        "paramTypes": [],
        "retType": "android.view.View"
      },
      "text": "Documents to be completed",
      "hName": "com.huawei.hms.ads.nativead.NativeView",
      "url": "https://developer.huawei.com/consumer/en/"
    },
    {
      "correspondingStatus": "matching",
      "dependencyName": "Ads",
      "g": {
        "exceptions": [],
        "modifiers": [
          "final"
        ],
        "name": "getBodyView",
        "paramTypes": [],
        "retType": "android.view.View"
      },
      "h": {
        "exceptions": [],
        "modifiers": [],
        "name": "getDescriptionView",
        "paramTypes": [],
        "retType": "android.view.View"
      },
      "text": "Documents to be completed",
      "hName": "com.huawei.hms.ads.nativead.NativeView",
      "url": "https://developer.huawei.com/consumer/en/"
    },
    {
      "correspondingStatus": "matching",
      "dependencyName": "Ads",
      "g": {
        "exceptions": [],
        "modifiers": [
          "final"
        ],
        "name": "getCallToActionView",
        "paramTypes": [],
        "retType": "android.view.View"
      },
      "h": {
        "exceptions": [],
        "modifiers": [],
        "name": "getCallToActionView",
        "paramTypes": [],
        "retType": "android.view.View"
      },
      "text": "Documents to be completed",
      "hName": "com.huawei.hms.ads.nativead.NativeView",
      "url": "https://developer.huawei.com/consumer/en/"
    },
    {
      "correspondingStatus": "matching",
      "dependencyName": "Ads",
      "g": {
        "exceptions": [],
        "modifiers": [
          "final"
        ],
        "name": "getHeadlineView",
        "paramTypes": [],
        "retType": "android.view.View"
      },
      "h": {
        "exceptions": [],
        "modifiers": [],
        "name": "getTitleView",
        "paramTypes": [],
        "retType": "android.view.View"
      },
      "text": "Documents to be completed",
      "hName": "com.huawei.hms.ads.nativead.NativeView",
      "url": "https://developer.huawei.com/consumer/en/"
    },
    {
      "correspondingStatus": "matching",
      "dependencyName": "Ads",
      "g": {
        "exceptions": [],
        "modifiers": [
          "final"
        ],
        "name": "getImageView",
        "paramTypes": [],
        "retType": "android.view.View"
      },
      "h": {
        "exceptions": [],
        "modifiers": [],
        "name": "getImageView",
        "paramTypes": [],
        "retType": "android.view.View"
      },
      "text": "Documents to be completed",
      "hName": "com.huawei.hms.ads.nativead.NativeView",
      "url": "https://developer.huawei.com/consumer/en/"
    },
    {
      "correspondingStatus": "matching",
      "dependencyName": "Ads",
      "g": {
        "exceptions": [],
        "modifiers": [
          "final"
        ],
        "name": "getLogoView",
        "paramTypes": [],
        "retType": "android.view.View"
      },
      "h": {
        "exceptions": [],
        "modifiers": [],
        "name": "getIconView",
        "paramTypes": [],
        "retType": "android.view.View"
      },
      "text": "Documents to be completed",
      "hName": "com.huawei.hms.ads.nativead.NativeView",
      "url": "https://developer.huawei.com/consumer/en/"
    },
    {
      "correspondingStatus": "matching",
      "dependencyName": "Ads",
      "g": {
        "exceptions": [],
        "modifiers": [
          "final"
        ],
        "name": "getMediaView",
        "paramTypes": [],
        "retType": "com.google.android.gms.ads.formats.MediaView"
      },
      "h": {
        "exceptions": [],
        "modifiers": [],
        "name": "getMediaView",
        "paramTypes": [],
        "retType": "com.huawei.hms.ads.nativead.MediaView"
      },
      "text": "Documents to be completed",
      "hName": "com.huawei.hms.ads.nativead.NativeView",
      "url": "https://developer.huawei.com/consumer/en/"
    },
    {
      "correspondingStatus": "matching",
      "dependencyName": "Ads",
      "g": {
        "exceptions": [],
        "modifiers": [
          "final"
        ],
        "name": "setAdvertiserView",
        "paramTypes": [
          {
            "pos": "0",
            "type": "android.view.View"
          }
        ],
        "retType": "void"
      },
      "h": {
        "exceptions": [],
        "modifiers": [],
        "name": "setAdSourceView",
        "paramTypes": [
          {
            "pos": "0",
            "type": "android.view.View"
          }
        ],
        "retType": "void"
      },
      "text": "Documents to be completed",
      "hName": "com.huawei.hms.ads.nativead.NativeView",
      "url": "https://developer.huawei.com/consumer/en/"
    },
    {
      "correspondingStatus": "matching",
      "dependencyName": "Ads",
      "g": {
        "exceptions": [],
        "modifiers": [
          "final"
        ],
        "name": "setBodyView",
        "paramTypes": [
          {
            "pos": "0",
            "type": "android.view.View"
          }
        ],
        "retType": "void"
      },
      "h": {
        "exceptions": [],
        "modifiers": [],
        "name": "setDescriptionView",
        "paramTypes": [
          {
            "pos": "0",
            "type": "android.view.View"
          }
        ],
        "retType": ""
      },
      "text": "Documents to be completed",
      "hName": "com.huawei.hms.ads.nativead.NativeView",
      "url": "https://developer.huawei.com/consumer/en/"
    },
    {
      "correspondingStatus": "matching",
      "dependencyName": "Ads",
      "g": {
        "exceptions": [],
        "modifiers": [
          "final"
        ],
        "name": "setCallToActionView",
        "paramTypes": [
          {
            "pos": "0",
            "type": "android.view.View"
          }
        ],
        "retType": "void"
      },
      "h": {
        "exceptions": [],
        "modifiers": [],
        "name": "setCallToActionView",
        "paramTypes": [
          {
            "pos": "0",
            "type": "android.view.View"
          }
        ],
        "retType": "void"
      },
      "text": "Documents to be completed",
      "hName": "com.huawei.hms.ads.nativead.NativeView",
      "url": "https://developer.huawei.com/consumer/en/"
    },
    {
      "correspondingStatus": "matching",
      "dependencyName": "Ads",
      "g": {
        "exceptions": [],
        "modifiers": [
          "final"
        ],
        "name": "setHeadlineView",
        "paramTypes": [
          {
            "pos": "0",
            "type": "android.view.View"
          }
        ],
        "retType": "void"
      },
      "h": {
        "exceptions": [],
        "modifiers": [],
        "name": "setTitleView",
        "paramTypes": [
          {
            "pos": "0",
            "type": "android.view.View"
          }
        ],
        "retType": "void"
      },
      "text": "Documents to be completed",
      "hName": "com.huawei.hms.ads.nativead.NativeView",
      "url": "https://developer.huawei.com/consumer/en/"
    },
    {
      "correspondingStatus": "matching",
      "dependencyName": "Ads",
      "g": {
        "exceptions": [],
        "modifiers": [
          "final"
        ],
        "name": "setImageView",
        "paramTypes": [
          {
            "pos": "0",
            "type": "android.view.View"
          }
        ],
        "retType": "void"
      },
      "h": {
        "exceptions": [],
        "modifiers": [],
        "name": "setImageView",
        "paramTypes": [
          {
            "pos": "0",
            "type": "android.view.View"
          }
        ],
        "retType": "void"
      },
      "text": "Documents to be completed",
      "hName": "com.huawei.hms.ads.nativead.NativeView",
      "url": "https://developer.huawei.com/consumer/en/"
    },
    {
      "correspondingStatus": "matching",
      "dependencyName": "Ads",
      "g": {
        "exceptions": [],
        "modifiers": [
          "final"
        ],
        "name": "setLogoView",
        "paramTypes": [
          {
            "pos": "0",
            "type": "android.view.View"
          }
        ],
        "retType": "void"
      },
      "h": {
        "exceptions": [],
        "modifiers": [],
        "name": "setIconView",
        "paramTypes": [
          {
            "pos": "0",
            "type": "android.view.View"
          }
        ],
        "retType": "void"
      },
      "text": "Documents to be completed",
      "hName": "com.huawei.hms.ads.nativead.NativeView",
      "url": "https://developer.huawei.com/consumer/en/"
    },
    {
      "correspondingStatus": "matching",
      "dependencyName": "Ads",
      "g": {
        "exceptions": [],
        "modifiers": [
          "final"
        ],
        "name": "setMediaView",
        "paramTypes": [
          {
            "pos": "0",
            "type": "com.google.android.gms.ads.formats.MediaView"
          }
        ],
        "retType": "void"
      },
      "h": {
        "exceptions": [],
        "modifiers": [],
        "name": "setMediaView",
        "paramTypes": [
          {
            "pos": "0",
            "type": "com.huawei.hms.ads.nativead.MediaView"
          }
        ],
        "retType": "void"
      },
      "text": "Documents to be completed",
      "hName": "com.huawei.hms.ads.nativead.NativeView",
      "url": "https://developer.huawei.com/consumer/en/"
    },
    {
      "correspondingStatus": "matching",
      "dependencyName": "Ads",
      "g": {
        "exceptions": [],
        "modifiers": [],
        "name": "NativeContentAdView",
        "paramTypes": [
          {
            "pos": "0",
            "type": "android.content.Context"
          }
        ],
        "retType": ""
      },
      "h": {
        "exceptions": [],
        "modifiers": [],
        "name": "NativeView",
        "paramTypes": [
          {
            "pos": "0",
            "type": "android.content.Context"
          }
        ],
        "retType": ""
      },
      "text": "Documents to be completed",
      "hName": "com.huawei.hms.ads.nativead.NativeView",
      "url": "https://developer.huawei.com/consumer/en/"
    },
    {
      "correspondingStatus": "matching",
      "dependencyName": "Ads",
      "g": {
        "exceptions": [],
        "modifiers": [],
        "name": "NativeContentAdView",
        "paramTypes": [
          {
            "pos": "0",
            "type": "android.content.Context"
          },
          {
            "pos": "1",
            "type": "android.util.AttributeSet"
          }
        ],
        "retType": ""
      },
      "h": {
        "exceptions": [],
        "modifiers": [],
        "name": "NativeView",
        "paramTypes": [
          {
            "pos": "0",
            "type": "android.content.Context"
          },
          {
            "pos": "1",
            "type": "android.util.AttributeSet"
          }
        ],
        "retType": ""
      },
      "text": "Documents to be completed",
      "hName": "com.huawei.hms.ads.nativead.NativeView",
      "url": "https://developer.huawei.com/consumer/en/"
    },
    {
      "correspondingStatus": "matching",
      "dependencyName": "Ads",
      "g": {
        "exceptions": [],
        "modifiers": [],
        "name": "NativeContentAdView",
        "paramTypes": [
          {
            "pos": "0",
            "type": "android.content.Context"
          },
          {
            "pos": "1",
            "type": "android.util.AttributeSet"
          },
          {
            "pos": "2",
            "type": "int"
          }
        ],
        "retType": ""
      },
      "h": {
        "exceptions": [],
        "modifiers": [],
        "name": "NativeView",
        "paramTypes": [
          {
            "pos": "0",
            "type": "android.content.Context"
          },
          {
            "pos": "1",
            "type": "android.util.AttributeSet"
          },
          {
            "pos": "2",
            "type": "int"
          }
        ],
        "retType": ""
      },
      "text": "Documents to be completed",
      "hName": "com.huawei.hms.ads.nativead.NativeView",
      "url": "https://developer.huawei.com/consumer/en/"
    },
    {
      "correspondingStatus": "matching",
      "dependencyName": "Ads",
      "g": {
        "exceptions": [],
        "modifiers": [],
        "name": "NativeContentAdView",
        "paramTypes": [
          {
            "pos": "0",
            "type": "android.content.Context"
          },
          {
            "pos": "1",
            "type": "android.util.AttributeSet"
          },
          {
            "pos": "2",
            "type": "int"
          },
          {
            "pos": "3",
            "type": "int"
          }
        ],
        "retType": ""
      },
      "h": {
        "exceptions": [],
        "modifiers": [],
        "name": "NativeView",
        "paramTypes": [
          {
            "pos": "0",
            "type": "android.content.Context"
          },
          {
            "pos": "1",
            "type": "android.util.AttributeSet"
          },
          {
            "pos": "2",
            "type": "int"
          },
          {
            "pos": "3",
            "type": "int"
          }
        ],
        "retType": ""
      },
      "text": "Documents to be completed",
      "hName": "com.huawei.hms.ads.nativead.NativeView",
      "url": "https://developer.huawei.com/consumer/en/"
    }
  ],
  "innerClass": false,
  "fields": [],
  "modifiers": [
    "final"
  ],
  "type": "class",
  "hName": "com.huawei.hms.ads.nativead.NativeView",
  "kitName": "Ads",
  "status": "matching"
}