{
  "gName": "com.google.android.gms.ads.formats.UnifiedNativeAd.MediaContent",
  "interfaces": [],
  "dependencyName": "Ads",
  "superClass": "",
  "methods": [
    {
      "correspondingStatus": "matching",
      "dependencyName": "Ads",
      "g": {
        "exceptions": [],
        "modifiers": [],
        "name": "getAspectRatio",
        "paramTypes": [],
        "retType": "float"
      },
      "h": {
        "exceptions": [],
        "modifiers": [],
        "name": "getAspectRatio",
        "paramTypes": [],
        "retType": "float"
      },
      "text": "Documents to be completed",
      "hName": "com.huawei.hms.ads.nativead.MediaContent",
      "url": "https://developer.huawei.com/consumer/en/"
    },
    {
      "correspondingStatus": "matching",
      "dependencyName": "Ads",
      "g": {
        "exceptions": [],
        "modifiers": [],
        "name": "getMainImage",
        "paramTypes": [],
        "retType": "android.graphics.drawable.Drawable"
      },
      "h": {
        "exceptions": [],
        "modifiers": [],
        "name": "getImage",
        "paramTypes": [],
        "retType": "android.graphics.drawable.Drawable"
      },
      "text": "Documents to be completed",
      "hName": "com.huawei.hms.ads.nativead.MediaContent",
      "url": "https://developer.huawei.com/consumer/en/"
    },
    {
      "correspondingStatus": "matching",
      "dependencyName": "Ads",
      "g": {
        "exceptions": [],
        "modifiers": [],
        "name": "setMainImage",
        "paramTypes": [
          {
            "pos": "0",
            "type": "android.graphics.drawable.Drawable"
          }
        ],
        "retType": "void"
      },
      "h": {
        "exceptions": [],
        "modifiers": [],
        "name": "setImage",
        "paramTypes": [
          {
            "pos": "0",
            "type": "android.graphics.drawable.Drawable"
          }
        ],
        "retType": "void"
      },
      "text": "Documents to be completed",
      "hName": "com.huawei.hms.ads.nativead.MediaContent",
      "url": "https://developer.huawei.com/consumer/en/"
    }
  ],
  "innerClass": true,
  "fields": [],
  "modifiers": [
    "static"
  ],
  "type": "interface",
  "hName": "com.huawei.hms.ads.nativead.MediaContent",
  "kitName": "Ads",
  "status": "matching"
}