{
  "gName": "com.android.installreferrer.api.InstallReferrerClient",
  "interfaces": [],
  "dependencyName": "Ads",
  "superClass": "",
  "methods": [
    {
      "correspondingStatus": "matching",
      "dependencyName": "Ads",
      "g": {
        "exceptions": [],
        "modifiers": [],
        "name": "InstallReferrerClient",
        "paramTypes": [],
        "retType": ""
      },
      "h": {
        "exceptions": [],
        "modifiers": [],
        "name": "InstallReferrerClient",
        "paramTypes": [],
        "retType": ""
      },
      "text": "Documents to be completed",
      "hName": "com.huawei.hms.ads.installreferrer.api.InstallReferrerClient",
      "url": "https://developer.huawei.com/consumer/en/"
    },
    {
      "correspondingStatus": "matching",
      "dependencyName": "Ads",
      "g": {
        "exceptions": [],
        "modifiers": [
          "abstract"
        ],
        "name": "endConnection",
        "paramTypes": [],
        "retType": "void"
      },
      "h": {
        "exceptions": [],
        "modifiers": [
          "abstract"
        ],
        "name": "endConnection",
        "paramTypes": [],
        "retType": "void"
      },
      "text": "Documents to be completed",
      "hName": "com.huawei.hms.ads.installreferrer.api.InstallReferrerClient",
      "url": "https://developer.huawei.com/consumer/en/"
    },
    {
      "correspondingStatus": "complex",
      "dependencyName": "Ads",
      "g": {
        "exceptions": [
          "android.os.RemoteException"
        ],
        "modifiers": [
          "abstract"
        ],
        "name": "getInstallReferrer",
        "paramTypes": [],
        "retType": "com.android.installreferrer.api.ReferrerDetails"
      },
      "text": "Documents to be completed",
      "hName": "com.huawei.hms.ads.installreferrer.api.InstallReferrerClient",
      "url": "https://developer.huawei.com/consumer/en/"
    },
    {
      "correspondingStatus": "matching",
      "dependencyName": "Ads",
      "g": {
        "exceptions": [],
        "modifiers": [
          "abstract"
        ],
        "name": "isReady",
        "paramTypes": [],
        "retType": "boolean"
      },
      "h": {
        "exceptions": [],
        "modifiers": [
          "abstract"
        ],
        "name": "isReady",
        "paramTypes": [],
        "retType": "boolean"
      },
      "text": "Documents to be completed",
      "hName": "com.huawei.hms.ads.installreferrer.api.InstallReferrerClient",
      "url": "https://developer.huawei.com/consumer/en/"
    },
    {
      "correspondingStatus": "matching",
      "dependencyName": "Ads",
      "g": {
        "exceptions": [],
        "modifiers": [
          "static"
        ],
        "name": "newBuilder",
        "paramTypes": [
          {
            "pos": "0",
            "type": "android.content.Context"
          }
        ],
        "retType": "com.android.installreferrer.api.InstallReferrerClient.Builder"
      },
      "h": {
        "exceptions": [],
        "modifiers": [
          "static"
        ],
        "name": "newBuilder",
        "paramTypes": [
          {
            "pos": "0",
            "type": "android.content.Context"
          }
        ],
        "retType": "com.huawei.hms.ads.installreferrer.api.InstallReferrerClient.Builder"
      },
      "text": "Documents to be completed",
      "hName": "com.huawei.hms.ads.installreferrer.api.InstallReferrerClient",
      "url": "https://developer.huawei.com/consumer/en/"
    },
    {
      "correspondingStatus": "matching",
      "dependencyName": "Ads",
      "g": {
        "exceptions": [],
        "modifiers": [
          "abstract"
        ],
        "name": "startConnection",
        "paramTypes": [
          {
            "pos": "0",
            "type": "com.android.installreferrer.api.InstallReferrerStateListener"
          }
        ],
        "retType": "void"
      },
      "h": {
        "exceptions": [],
        "modifiers": [
          "abstract"
        ],
        "name": "startConnection",
        "paramTypes": [
          {
            "pos": "0",
            "type": "com.huawei.hms.ads.installreferrer.api.InstallReferrerStateListener"
          }
        ],
        "retType": "void"
      },
      "text": "Documents to be completed",
      "hName": "com.huawei.hms.ads.installreferrer.api.InstallReferrerClient",
      "url": "https://developer.huawei.com/consumer/en/"
    }
  ],
  "innerClass": false,
  "fields": [],
  "modifiers": [
    "abstract"
  ],
  "type": "class",
  "hName": "com.huawei.hms.ads.installreferrer.api.InstallReferrerClient",
  "kitName": "Ads",
  "status": "matching"
}