{
  "gName": "com.google.android.gms.ads.VideoOptions.Builder",
  "interfaces": [],
  "dependencyName": "Ads",
  "superClass": "java.lang.Object",
  "methods": [
    {
      "correspondingStatus": "matching",
      "dependencyName": "Ads",
      "g": {
        "exceptions": [],
        "modifiers": [
          "final"
        ],
        "name": "build",
        "paramTypes": [],
        "retType": "com.google.android.gms.ads.VideoOptions"
      },
      "h": {
        "exceptions": [],
        "modifiers": [
          "final"
        ],
        "name": "build",
        "paramTypes": [],
        "retType": "com.huawei.hms.ads.VideoConfiguration"
      },
      "text": "Documents to be completed",
      "hName": "com.huawei.hms.ads.VideoConfiguration.Builder",
      "url": "https://developer.huawei.com/consumer/en/"
    },
    {
      "correspondingStatus": "matching",
      "dependencyName": "Ads",
      "g": {
        "exceptions": [],
        "modifiers": [
          "final"
        ],
        "name": "setClickToExpandRequested",
        "paramTypes": [
          {
            "pos": "0",
            "type": "boolean"
          }
        ],
        "retType": "com.google.android.gms.ads.VideoOptions.Builder"
      },
      "h": {
        "exceptions": [],
        "modifiers": [],
        "name": "setClickToFullScreenRequested",
        "paramTypes": [
          {
            "pos": "0",
            "type": "boolean"
          }
        ],
        "retType": "com.huawei.hms.ads.VideoConfiguration.Builder"
      },
      "text": "Documents to be completed",
      "hName": "com.huawei.hms.ads.VideoConfiguration.Builder",
      "url": "https://developer.huawei.com/consumer/en/"
    },
    {
      "correspondingStatus": "matching",
      "dependencyName": "Ads",
      "g": {
        "exceptions": [],
        "modifiers": [
          "final"
        ],
        "name": "setCustomControlsRequested",
        "paramTypes": [
          {
            "pos": "0",
            "type": "boolean"
          }
        ],
        "retType": "com.google.android.gms.ads.VideoOptions.Builder"
      },
      "h": {
        "exceptions": [],
        "modifiers": [],
        "name": "setCustomizeOperateRequested",
        "paramTypes": [
          {
            "pos": "0",
            "type": "boolean"
          }
        ],
        "retType": "com.huawei.hms.ads.VideoConfiguration.Builder"
      },
      "text": "Documents to be completed",
      "hName": "com.huawei.hms.ads.VideoConfiguration.Builder",
      "url": "https://developer.huawei.com/consumer/en/"
    },
    {
      "correspondingStatus": "matching",
      "dependencyName": "Ads",
      "g": {
        "exceptions": [],
        "modifiers": [
          "final"
        ],
        "name": "setStartMuted",
        "paramTypes": [
          {
            "pos": "0",
            "type": "boolean"
          }
        ],
        "retType": "com.google.android.gms.ads.VideoOptions.Builder"
      },
      "h": {
        "exceptions": [],
        "modifiers": [],
        "name": "setStartMuted",
        "paramTypes": [
          {
            "pos": "0",
            "type": "boolean"
          }
        ],
        "retType": "com.huawei.hms.ads.VideoConfiguration.Builder"
      },
      "text": "Documents to be completed",
      "hName": "com.huawei.hms.ads.VideoConfiguration.Builder",
      "url": "https://developer.huawei.com/consumer/en/"
    },
    {
      "correspondingStatus": "matching",
      "dependencyName": "Ads",
      "g": {
        "exceptions": [],
        "modifiers": [],
        "name": "Builder",
        "paramTypes": [],
        "retType": ""
      },
      "h": {
        "exceptions": [],
        "modifiers": [],
        "name": "Builder",
        "paramTypes": [],
        "retType": ""
      },
      "text": "Documents to be completed",
      "hName": "com.huawei.hms.ads.VideoConfiguration.Builder",
      "url": "https://developer.huawei.com/consumer/en/"
    }
  ],
  "innerClass": true,
  "fields": [],
  "modifiers": [
    "static",
    "final"
  ],
  "type": "class",
  "hName": "com.huawei.hms.ads.VideoConfiguration.Builder",
  "kitName": "Ads",
  "status": "matching"
}