<?xml version="1.0" encoding="UTF-8"?>
<!DOCTYPE hibernate-configuration PUBLIC
		"-//Hibernate/Hibernate Configuration DTD 3.0//EN"
		"http://hibernate.sourceforge.net/hibernate-configuration-3.0.dtd">
<hibernate-configuration>
					<!-- Related to the connection START -->
    <session-factory name="sessionFactory">
        <!-- <property name="hibernate.connection.driver_class">com.microsoft.sqlserver.jdbc.SQLServerDriver</property>
        <property name="hibernate.connection.password">ASD007</property>
        <property name="hibernate.connection.url">jdbc:sqlserver://localhost:1433;databaseName=CMS</property>
        <property name="hibernate.connection.username">sa</property> -->
        
        			<!-- Related to hibernate properties START -->
        <property name="hibernate.dialect"> org.hibernate.dialect.MySQLDialect</property>
        
        			<!-- Related to mapping START -->
      
        <mapping class="com.sv.pghms.model.TAdmissionForm" />
        <mapping class="com.sv.pghms.model.TDailyAccountOfOperationSection" />
        <mapping class="com.sv.pghms.model.TDailyAccountOfPharmacy" />
        <mapping class="com.sv.pghms.model.TFinancialDetailsOfPathology" />
        <mapping class="com.sv.pghms.model.TMonthlyAccountOfPharmacy" />
        <mapping class="com.sv.pghms.model.TMonthlyStatementOfOperationSectionPathology" />
        <mapping class="com.sv.pghms.model.TMonthlyStatementOfOperationSectionPharmacy" />
        <mapping class="com.sv.pghms.model.TPathology" />
        <mapping class="com.sv.pghms.model.TStatementOfCompany" />
        <mapping class="com.sv.pghms.model.TStockBalanceOfPharmacy" />
        <mapping class="com.sv.pghms.model.TUser" />
       
    </session-factory>
</hibernate-configuration>
