<beans xmlns="http://www.springframework.org/schema/beans"
	xmlns:context="http://www.springframework.org/schema/context"
	xmlns:xsi="http://www.w3.org/2001/XMLSchema-instance"
	xsi:schemaLocation="
   http://www.springframework.org/schema/beans     
   http://www.springframework.org/schema/beans/spring-beans-3.2.xsd
   http://www.springframework.org/schema/context 
   http://www.springframework.org/schema/context/spring-context-3.2.xsd">

	

	<bean id="templateResolver"
		class="org.thymeleaf.templateresolver.ServletContextTemplateResolver">
		<property name="prefix" value="/WEB-INF/view/" />
		<property name="suffix" value=".html" />
		<property name="templateMode" value="HTML5" />
	</bean>

	<bean id="templateEngine" class="org.thymeleaf.spring4.SpringTemplateEngine">
		<property name="templateResolver" ref="templateResolver" />
	</bean>

	<bean class="org.thymeleaf.spring4.view.ThymeleafViewResolver">
		<property name="templateEngine" ref="templateEngine" />
		<property name="order" value="1" />
		<!-- <property name="viewNames" value="*.html,*.xhtml" /> -->
	</bean>
	
	<!-- <bean id="jdbcDataSource" class="org.springframework.jdbc.datasource.DriverManagerDataSource">
		<property name="driverClassName" value="com.microsoft.sqlserver.jdbc.SQLServerDriver" />
		<property name="url" value="jdbc:sqlserver://localhost:1433;databaseName=CMS" />
		<property name="username" value="sa" />
		<property name="password" value="123456" />	
	</bean> -->
	
</beans>