{
    "Account": {
      "minSdkVersion4GaddH": 17,
      "minSdkVersion4G2H": 17,
      "targetSdkVersion": 28
    },
    "Ads": {
      "minSdkVersion4GaddH": 21,
      "minSdkVersion4G2H": 19,
      "targetSdkVersion": 28
    },
    "Analytics": {
      "minSdkVersion4GaddH": 21,
      "minSdkVersion4G2H": 17,
      "targetSdkVersion": 28
    },
    "Awareness": {
      "minSdkVersion4GaddH": 24,
      "minSdkVersion4G2H": 24,
      "targetSdkVersion": 29
    },
    "DTM": {
      "minSdkVersion4GaddH": 19,
      "minSdkVersion4G2H": 19,
      "targetSdkVersion": 29
    },
    "Basement": {
      "minSdkVersion4GaddH": 17,
      "minSdkVersion4G2H": 17,
      "targetSdkVersion": 26
    },
    "Game": {
      "minSdkVersion4GaddH": 17,
      "minSdkVersion4G2H": 17,
      "targetSdkVersion": 28
    },
    "Drive": {
      "minSdkVersion4GaddH": 19,
      "minSdkVersion4G2H": 19,
      "targetSdkVersion": 26
    },
    "Health": {
      "minSdkVersion4GaddH": 19,
      "minSdkVersion4G2H": 19,
      "targetSdkVersion": 28
    },
    "Identity": {
      "minSdkVersion4GaddH": 17,
      "minSdkVersion4G2H": 17,
      "targetSdkVersion": 26
    },
    "Location": {
      "minSdkVersion4GaddH": 16,
      "minSdkVersion4G2H": 16,
      "targetSdkVersion": 28
    },
    "Site": {
      "minSdkVersion4GaddH": 19,
      "minSdkVersion4G2H": 19,
      "targetSdkVersion": 28
    },
    "Map": {
      "minSdkVersion4GaddH": 24,
      "minSdkVersion4G2H": 19,
      "targetSdkVersion": 29
    },
    "ML": {
      "minSdkVersion4GaddH": 19,
      "minSdkVersion4G2H": 19,
      "targetSdkVersion": 29
    },
    "Nearby": {
      "minSdkVersion4GaddH": 21,
      "minSdkVersion4G2H": 21,
      "targetSdkVersion": 29
    },
    "Panorama": {
      "minSdkVersion4GaddH": 18,
      "minSdkVersion4G2H": 18,
      "targetSdkVersion": 28
    },
    "Push": {
      "minSdkVersion4GaddH": 17,
      "minSdkVersion4G2H": 17,
      "targetSdkVersion": 28
    },
    "Safetynet": {
      "minSdkVersion4GaddH": 19,
      "minSdkVersion4G2H": 19,
      "targetSdkVersion": 28
    },
    "Wallet": {
      "minSdkVersion4GaddH": 19,
      "minSdkVersion4G2H": 19,
      "targetSdkVersion": 28
    },
    "FIDO": {
      "minSdkVersion4GaddH": 19,
      "minSdkVersion4G2H": 19,
      "targetSdkVersion": 29
    }
}