{
    "projectBuildGradle": {
        "addMavenInRepositories": [
            {
                "addMavenInRepositoriesName": "http://developer.huawei.com/repo/",
                "desc": {
                    "kit": "Common",
                    "text": "The Maven repository address provided by HMS SDK will be added.",
                    "url": "",
                    "status": "Auto"
                }
            }
        ],
        "deleteClasspathInDependencies": [
            {
                "deleteClasspathInDependenciesName": "com.google.gms:google-services",
                "desc": {
                    "kit": "Common",
                    "text": "GMS dependencies will be deleted.",
                    "url": "",
                    "status": "Auto"
                }
            },
            {
                "deleteClasspathInDependenciesName": "com.google.firebase:perf-plugin",
                "desc": {
                    "kit": "FirebasePerf",
                    "text": "GMS dependencies will be deleted.",
                    "url": "",
                    "status": "Auto"
                }
            }
        ],
        "addClassPathInDependencies": [
            {
                "addClassPathInDependenciesName": "com.huawei.agconnect:agcp:1.2.1.301",
                "desc": {
                    "kit": "Common",
                    "text": "The AppGallery Connect dependency will be added.",
                    "url": "",
                    "status": "Auto"
                }
            },
            {
                "addClassPathInDependenciesName": "com.huawei.agconnect:agconnect-apms-plugin:1.3.1.300",
                "desc": {
                    "kit": "FirebasePerf",
                    "text": "The AppGallery Apms plugin Connect dependency will be added. ",
                    "url": "",
                    "status": "Auto"
                }
            }
        ]
    },
    "AppBuildGradle": {
        "addApplyPlugin": [
            {
                "AddApplyPluginInApp": "com.huawei.agconnect",
                "desc": {
                    "kit": "Common",
                    "text": "Please go to the AGC console and apply for HMS access for your app. For details, please refer to HUAWEI Mobile Service Development Guide.",
                    "url": "https://developer.huawei.com/consumer/en/doc/development/AppGallery-connect-Guides/agc-get-started",
                    "status": "Auto"
                }
            },
            {
                "AddApplyPluginInApp": "com.huawei.agconnect.apms",
                "desc": {
                    "kit": "FirebasePerf",
                    "text": "Please go to the AGC console and apply for HMS apms access for your app. For details, please refer to HUAWEI Mobile Service Development Guide.",
                    "url": "https://developer.huawei.com/consumer/en/doc/development/AppGallery-connect-Guides/agc-get-started",
                    "status": "Auto"
                }
            }
        ],
        "deleteGmsApplyPlugin": [
            {
                "deleteGmsApplyPluginName": "com.google.gms.google-services",
                "desc": {
                    "kit": "Common",
                    "text": "The GMS Apply plugin will be deleted.",
                    "url": "",
                    "status": "Auto"
                }
            },
            {
                "deleteGmsApplyPluginName": "com.google.firebase.crashlytics",
                "desc": {
                    "kit": "Crashlytics",
                    "text": "The firebase Apply plugin will be deleted.",
                    "url": "",
                    "status": "Auto"
                }
            },
            {
                "deleteGmsApplyPluginName": "com.google.firebase.firebase-perf",
                "desc": {
                    "kit": "FirebasePerf",
                    "text": "GMS dependencies will be deleted.",
                    "url": "",
                    "status": "Auto"
                }
            }
        ],
        "replace": [
            {
                "version": "18.1.0",
                "originGoogleName": "com.google.android.gms:play-services-fido",
                "replaceHmsName": [
                    "com.huawei.hms:fido-fido2:5.0.0.301"
                ],
                "desc_auto": {
                    "kit": "FIDO",
                    "text": "Add the specified HMS dependencies.",
                    "url": "",
                    "status": "Auto"
                },
                "desc_manual": {
                    "isUpdate": true,
                    "kit": "FIDO",
                    "dependencyName": "fido",
                    "version": "18.1.0",
                    "text": "Before the conversion, please change the GMS SDK to the convertible version.",
                    "url": "",
                    "status": "Manual"
                }
            },
            {
                "version": "19.1.1",
                "originGoogleName": "com.google.firebase:firebase-storage",
                "replaceHmsName": [
                    "com.huawei.agconnect:agconnect-storage:1.3.0.200"
                ],
                "desc_auto": {
                    "kit": "FirebaseStorage",
                    "text": "Add the specified HMS dependencies.",
                    "url": "",
                    "status": "Auto"
                },
                "desc_manual": {
                    "isUpdate": true,
                    "kit": "FirebaseStorage",
                    "dependencyName": "firebase-storage",
                    "version": "19.1.1",
                    "text": "Before the conversion, please change the GMS SDK to the convertible version.",
                    "url": "",
                    "status": "Manual"
                }
            },
            {
                "version": "19.0.7",
                "originGoogleName": "com.google.firebase:firebase-perf",
                "replaceHmsName": [
                    "com.huawei.agconnect:agconnect-apms:1.3.1.300"
                ],
                "desc_auto": {
                    "kit": "FirebasePerf",
                    "text": "Add the specified HMS dependencies.",
                    "url": "",
                    "status": "Auto"
                },
                "desc_manual": {
                    "isUpdate": true,
                    "kit": "FirebasePerf",
                    "dependencyName": "firebase-perf",
                    "version": "19.0.7",
                    "text": "Before the conversion, please change the GMS SDK to the convertible version.",
                    "url": "",
                    "status": "Manual"
                }
            },
            {
                "version": "19.0.7",
                "originGoogleName": "com.google.firebase:firebase-inappmessaging-display",
                "replaceHmsName": [
                    "com.huawei.agconnect:agconnect-appmessaging:1.4.0.300"
                ],
                "desc_auto": {
                    "kit": "InAppMessaging",
                    "text": "Add the specified HMS dependencies.",
                    "url": "",
                    "status": "Auto"
                },
                "desc_manual": {
                    "isUpdate": true,
                    "kit": "InAppMessaging",
                    "dependencyName": "firebase-inappmessaging-display",
                    "version": "19.0.7",
                    "text": "Before the conversion, please change the GMS SDK to the convertible version.",
                    "url": "",
                    "status": "Manual"
                }
            },
            {
                "version": "19.0.7",
                "originGoogleName": "com.google.firebase:firebase-inappmessaging",
                "replaceHmsName": [
                    "com.huawei.agconnect:agconnect-appmessaging:1.4.0.300"
                ],
                "desc_auto": {
                    "kit": "InAppMessaging",
                    "text": "Add the specified HMS dependencies.",
                    "url": "",
                    "status": "Auto"
                },
                "desc_manual": {
                    "isUpdate": true,
                    "kit": "InAppMessaging",
                    "dependencyName": "firebase-inappmessaging",
                    "version": "19.0.7",
                    "text": "Before the conversion, please change the GMS SDK to the convertible version.",
                    "url": "",
                    "status": "Manual"
                }
            },
            {
                "version": "17.0.0",
                "originGoogleName": "com.google.firebase:firebase-core",
                "replaceHmsName": [
                    "com.huawei.hms:hianalytics:5.0.1.301"
                ],
                "desc_auto": {
                    "kit": "Push",
                    "text": "Replace the specified GMS dependencies with the HMS dependencies.",
                    "url": "https://developer.huawei.com/consumer/en/doc/development/Tools-Guides/appendix-0000001050061063#EN-US_TOPIC_0000001050061063__section041885435214",
                    "status": "Auto"
                },
                "desc_manual": {
                    "isUpdate": true,
                    "kit": "Push",
                    "dependencyName": "firebase-core",
                    "version": "17.0.0",
                    "text": "Before the conversion, please change the GMS SDK to the convertible version.",
                    "url": "https://developer.huawei.com/consumer/en/doc/development/Tools-Guides/appendix-0000001050061063#EN-US_TOPIC_0000001050061063__section041885435214",
                    "status": "Manual"
                }
            },
            {
                "version": "20.0.1",
                "originGoogleName": "com.google.firebase:firebase-messaging",
                "replaceHmsName": [
                    "com.huawei.hms:hianalytics:5.0.1.301",
                    "com.huawei.hms:push:5.0.2.300"
                ],
                "desc_auto": {
                    "kit": "Push",
                    "text": "Replace the specified GMS dependencies with the HMS dependencies.",
                    "url": "https://developer.huawei.com/consumer/en/doc/development/Tools-Guides/appendix-0000001050061063#EN-US_TOPIC_0000001050061063__section041885435214",
                    "status": "Auto"
                },
                "desc_manual": {
                    "isUpdate": true,
                    "kit": "Push",
                    "dependencyName": "firebase-messaging",
                    "version": "20.0.1",
                    "text": "Before the conversion, please change the GMS SDK to the convertible version.",
                    "url": "https://developer.huawei.com/consumer/en/doc/development/Tools-Guides/appendix-0000001050061063#EN-US_TOPIC_0000001050061063__section041885435214",
                    "status": "Manual"
                }
            },
            {
                "version": "20.2.0",
                "originGoogleName": "com.google.firebase:firebase-messaging",
                "replaceHmsName": [
                    "com.huawei.hms:hianalytics:5.0.1.301",
                    "com.huawei.hms:push:5.0.2.300"
                ],
                "desc_auto": {
                    "kit": "Push",
                    "text": "Replace the specified GMS dependencies with the HMS dependencies.",
                    "url": "https://developer.huawei.com/consumer/en/doc/development/Tools-Guides/appendix-0000001050061063#EN-US_TOPIC_0000001050061063__section041885435214",
                    "status": "Auto"
                },
                "desc_manual": {
                    "isUpdate": true,
                    "kit": "Push",
                    "dependencyName": "firebase-messaging",
                    "version": "20.2.0",
                    "text": "Before the conversion, please change the GMS SDK to the convertible version.",
                    "url": "https://developer.huawei.com/consumer/en/doc/development/Tools-Guides/appendix-0000001050061063#EN-US_TOPIC_0000001050061063__section041885435214",
                    "status": "Manual"
                }
            },
            {
                "version": "17.2.1",
                "originGoogleName": "com.google.firebase:firebase-analytics",
                "replaceHmsName": [
                    "com.huawei.hms:hianalytics:5.0.1.301"
                ],
                "desc_auto": {
                    "kit": "Analytics",
                    "text": "Replace the specified GMS dependencies with the HMS dependencies.",
                    "url": "https://developer.huawei.com/consumer/en/doc/development/Tools-Guides/appendix-0000001050061063#EN-US_TOPIC_0000001050061063__section041885435214",
                    "status": "Auto"
                },
                "desc_manual": {
                    "isUpdate": true,
                    "kit": "Analytics",
                    "dependencyName": "firebase-analytics",
                    "version": "17.2.1",
                    "text": "Before the conversion, please change the GMS SDK to the convertible version.",
                    "url": "https://developer.huawei.com/consumer/en/doc/development/Tools-Guides/appendix-0000001050061063#EN-US_TOPIC_0000001050061063__section041885435214",
                    "status": "Manual"
                }
            },
            {
                "version": "17.4.3",
                "originGoogleName": "com.google.firebase:firebase-analytics",
                "replaceHmsName": [
                    "com.huawei.hms:hianalytics:5.0.1.301"
                ],
                "desc_auto": {
                    "kit": "Analytics",
                    "text": "Replace the specified GMS dependencies with the HMS dependencies.",
                    "url": "https://developer.huawei.com/consumer/en/doc/development/Tools-Guides/appendix-0000001050061063#EN-US_TOPIC_0000001050061063__section041885435214",
                    "status": "Auto"
                },
                "desc_manual": {
                    "isUpdate": true,
                    "kit": "Analytics",
                    "dependencyName": "firebase-analytics",
                    "version": "17.4.3",
                    "text": "Before the conversion, please change the GMS SDK to the convertible version.",
                    "url": "https://developer.huawei.com/consumer/en/doc/development/Tools-Guides/appendix-0000001050061063#EN-US_TOPIC_0000001050061063__section041885435214",
                    "status": "Manual"
                }
            },
            {
                "version": "17.0.0",
                "originGoogleName": "com.google.android.gms:play-services-auth",
                "replaceHmsName": [
                    "com.huawei.hms:hwid:5.0.2.300"
                ],
                "desc_auto": {
                    "kit": "Account",
                    "text": "Replace the specified GMS dependencies with the HMS dependencies.",
                    "url": "https://developer.huawei.com/consumer/en/doc/development/Tools-Guides/appendix-0000001050061063#EN-US_TOPIC_0000001050061063__section041885435214",
                    "status": "Auto"
                },
                "desc_manual": {
                    "isUpdate": true,
                    "kit": "Account",
                    "dependencyName": "play-services-auth",
                    "version": "17.0.0",
                    "text": "Before the conversion, please change the GMS SDK to the convertible version.",
                    "url": "https://developer.huawei.com/consumer/en/doc/development/Tools-Guides/appendix-0000001050061063#EN-US_TOPIC_0000001050061063__section041885435214",
                    "status": "Manual"
                }
            },
            {
                "version": "18.0.0",
                "originGoogleName": "com.google.android.gms:play-services-auth",
                "replaceHmsName": [
                    "com.huawei.hms:hwid:5.0.2.300"
                ],
                "desc_auto": {
                    "kit": "Account",
                    "text": "Replace the specified GMS dependencies with the HMS dependencies.",
                    "url": "https://developer.huawei.com/consumer/en/doc/development/Tools-Guides/appendix-0000001050061063#EN-US_TOPIC_0000001050061063__section041885435214",
                    "status": "Auto"
                },
                "desc_manual": {
                    "isUpdate": true,
                    "kit": "Account",
                    "dependencyName": "play-services-auth",
                    "version": "18.0.0",
                    "text": "Before the conversion, please change the GMS SDK to the convertible version.",
                    "url": "https://developer.huawei.com/consumer/en/doc/development/Tools-Guides/appendix-0000001050061063#EN-US_TOPIC_0000001050061063__section041885435214",
                    "status": "Manual"
                }
            },
            {
                "version": "18.0.0",
                "originGoogleName": "com.google.android.gms:play-services-wallet",
                "replaceHmsName": [
                    "com.huawei.hms:wallet:4.0.2.301"
                ],
                "desc_auto": {
                    "kit": "Wallet",
                    "text": "Replace the specified GMS dependencies with the HMS dependencies.",
                    "url": "https://developer.huawei.com/consumer/en/doc/development/Tools-Guides/appendix-0000001050061063#EN-US_TOPIC_0000001050061063__section041885435214",
                    "status": "Auto"
                },
                "desc_manual": {
                    "isUpdate": true,
                    "kit": "Wallet",
                    "dependencyName": "play-services-wallet",
                    "version": "18.0.0",
                    "text": "Before the conversion, please change the GMS SDK to the convertible version.",
                    "url": "https://developer.huawei.com/consumer/en/doc/development/Tools-Guides/appendix-0000001050061063#EN-US_TOPIC_0000001050061063__section041885435214",
                    "status": "Manual"
                }
            },
            {
                "version": "17.0.0",
                "originGoogleName": "com.google.android.gms:play-services-maps",
                "replaceHmsName": [
                    "com.google.android.material:material:1.0.0-rc01",
                    "com.huawei.hms:maps:5.0.0.300"
                ],
                "desc_auto": {
                    "kit": "Map",
                    "text": "Replace the specified GMS dependencies with the HMS dependencies.",
                    "url": "https://developer.huawei.com/consumer/en/doc/development/Tools-Guides/appendix-0000001050061063#EN-US_TOPIC_0000001050061063__section041885435214",
                    "status": "Auto"
                },
                "desc_manual": {
                    "isUpdate": true,
                    "kit": "Map",
                    "dependencyName": "play-services-maps",
                    "version": "17.0.0",
                    "text": "Before the conversion, please change the GMS SDK to the convertible version.",
                    "url": "https://developer.huawei.com/consumer/en/doc/development/Tools-Guides/appendix-0000001050061063#EN-US_TOPIC_0000001050061063__section041885435214",
                    "status": "Manual"
                }
            },
            {
                "version": "17.0.0",
                "originGoogleName": "com.google.android.gms:play-services-location",
                "replaceHmsName": [
                    "com.huawei.hms:location:5.0.2.300"
                ],
                "desc_auto": {
                    "kit": "Location",
                    "text": "Replace the specified GMS dependencies with the HMS dependencies.",
                    "url": "https://developer.huawei.com/consumer/en/doc/development/Tools-Guides/appendix-0000001050061063#EN-US_TOPIC_0000001050061063__section041885435214",
                    "status": "Auto"
                },
                "desc_manual": {
                    "isUpdate": true,
                    "kit": "Location",
                    "dependencyName": "play-services-location",
                    "version": "17.0.0",
                    "text": "Before the conversion, please change the GMS SDK to the convertible version.",
                    "url": "https://developer.huawei.com/consumer/en/doc/development/Tools-Guides/appendix-0000001050061063#EN-US_TOPIC_0000001050061063__section041885435214",
                    "status": "Manual"
                }
            },
            {
                "version": "2.3.0",
                "originGoogleName": "com.google.android.libraries.places:places",
                "replaceHmsName": [
                    "com.huawei.hms:site:5.0.1.300"
                ],
                "desc_auto": {
                    "kit": "Site",
                    "text": "Replace the specified GMS dependencies with the HMS dependencies.",
                    "url": "https://developer.huawei.com/consumer/en/doc/development/Tools-Guides/appendix-0000001050061063#EN-US_TOPIC_0000001050061063__section041885435214",
                    "status": "Auto"
                },
                "desc_manual": {
                    "isUpdate": true,
                    "kit": "Site",
                    "dependencyName": "places",
                    "version": "2.3.0",
                    "text": "Before the conversion, please change the GMS SDK to the convertible version.",
                    "url": "https://developer.huawei.com/consumer/en/doc/development/Tools-Guides/appendix-0000001050061063#EN-US_TOPIC_0000001050061063__section041885435214",
                    "status": "Manual"
                }
            },
            {
                "version": "2.3.0",
                "originGoogleName": "com.google.android.libraries.places:places-compat",
                "replaceHmsName": [
                    "com.huawei.hms:site:5.0.1.300"
                ],
                "desc_auto": {
                    "kit": "Site",
                    "text": "Replace the specified GMS dependencies with the HMS dependencies.",
                    "url": "https://developer.huawei.com/consumer/en/doc/development/Tools-Guides/appendix-0000001050061063#EN-US_TOPIC_0000001050061063__section041885435214",
                    "status": "Auto"
                },
                "desc_manual": {
                    "isUpdate": true,
                    "kit": "Site",
                    "dependencyName": "places-compat",
                    "version": "2.3.0",
                    "text": "Before the conversion, please change the GMS SDK to the convertible version.",
                    "url": "https://developer.huawei.com/consumer/en/doc/development/Tools-Guides/appendix-0000001050061063#EN-US_TOPIC_0000001050061063__section041885435214",
                    "status": "Manual"
                }
            },
            {
                "version": "19.0.0",
                "originGoogleName": "com.google.android.gms:play-services-vision",
                "replaceHmsName": [
                    "com.huawei.hms:ml-computer-vision-cloud:2.0.1.300",
                    "com.huawei.hms:scan:1.2.1.300"
                ],
                "desc_auto": {
                    "kit": "ML",
                    "text": "Replace the specified GMS dependencies with the HMS dependencies.",
                    "url": "https://developer.huawei.com/consumer/en/doc/development/Tools-Guides/appendix-0000001050061063#EN-US_TOPIC_0000001050061063__section041885435214",
                    "status": "Auto"
                },
                "desc_manual": {
                    "isUpdate": true,
                    "kit": "ML",
                    "dependencyName": "play-services-vision",
                    "version": "19.0.0",
                    "text": "Before the conversion, please change the GMS SDK to the convertible version.",
                    "url": "https://developer.huawei.com/consumer/en/doc/development/Tools-Guides/appendix-0000001050061063#EN-US_TOPIC_0000001050061063__section041885435214",
                    "status": "Manual"
                }
            },
            {
                "version": "20.0.0",
                "originGoogleName": "com.google.android.gms:play-services-vision",
                "replaceHmsName": [
                    "com.huawei.hms:ml-computer-vision-cloud:2.0.1.300",
                    "com.huawei.hms:scan:1.2.1.300"
                ],
                "desc_auto": {
                    "kit": "ML",
                    "text": "Replace the specified GMS dependencies with the HMS dependencies.",
                    "url": "https://developer.huawei.com/consumer/en/doc/development/Tools-Guides/appendix-0000001050061063#EN-US_TOPIC_0000001050061063__section041885435214",
                    "status": "Auto"
                },
                "desc_manual": {
                    "isUpdate": true,
                    "kit": "ML",
                    "dependencyName": "play-services-vision",
                    "version": "20.0.0",
                    "text": "Before the conversion, please change the GMS SDK to the convertible version.",
                    "url": "https://developer.huawei.com/consumer/en/doc/development/Tools-Guides/appendix-0000001050061063#EN-US_TOPIC_0000001050061063__section041885435214",
                    "status": "Manual"
                }
            },
            {
                "version": "24.0.1",
                "originGoogleName": "com.google.firebase:firebase-ml-vision",
                "replaceHmsName": [
                    "com.huawei.hms:ml-computer-vision-cloud:2.0.1.300",
                    "com.huawei.hms:scan:1.2.1.300"
                ],
                "desc_auto": {
                    "kit": "ML",
                    "text": "Replace the specified GMS dependencies with the HMS dependencies.",
                    "url": "https://developer.huawei.com/consumer/en/doc/development/Tools-Guides/appendix-0000001050061063#EN-US_TOPIC_0000001050061063__section041885435214",
                    "status": "Auto"
                },
                "desc_manual": {
                    "isUpdate": true,
                    "kit": "ML",
                    "dependencyName": "firebase-ml-vision",
                    "version": "24.0.1",
                    "text": "Before the conversion, please change the GMS SDK to the convertible version.",
                    "url": "https://developer.huawei.com/consumer/en/doc/development/Tools-Guides/appendix-0000001050061063#EN-US_TOPIC_0000001050061063__section041885435214",
                    "status": "Manual"
                }
            },
            {
                "version": "18.0.0",
                "originGoogleName": "com.google.android.gms:play-services-fitness",
                "replaceHmsName": [
                    "com.huawei.hms:hihealth-base:5.0.1.300"
                ],
                "desc_auto": {
                    "kit": "Health",
                    "text": "Replace the specified GMS dependencies with the HMS dependencies.",
                    "url": "https://developer.huawei.com/consumer/en/doc/development/Tools-Guides/appendix-0000001050061063#EN-US_TOPIC_0000001050061063__section041885435214",
                    "status": "Auto"
                },
                "desc_manual": {
                    "isUpdate": true,
                    "kit": "Health",
                    "dependencyName": "play-services-fitness",
                    "version": "18.0.0",
                    "text": "Before the conversion, please change the GMS SDK to the convertible version.",
                    "url": "https://developer.huawei.com/consumer/en/doc/development/Tools-Guides/appendix-0000001050061063#EN-US_TOPIC_0000001050061063__section041885435214",
                    "status": "Manual"
                }
            },
            {
                "version": "18.3.0",
                "originGoogleName": "com.google.android.gms:play-services-ads",
                "replaceHmsName": [
                    "com.huawei.hms:ads-lite:13.4.30.301",
                    "com.huawei.hms:ads-identifier:3.4.29.303",
                    "com.huawei.hms:ads-installreferrer:3.4.29.303"
                ],
                "desc_auto": {
                    "kit": "Ads",
                    "text": "Replace the specified GMS dependencies with the HMS dependencies.",
                    "url": "https://developer.huawei.com/consumer/en/doc/development/Tools-Guides/appendix-0000001050061063#EN-US_TOPIC_0000001050061063__section041885435214",
                    "status": "Auto"
                },
                "desc_manual": {
                    "isUpdate": true,
                    "kit": "Ads",
                    "dependencyName": "play-services-ads",
                    "version": "18.3.0",
                    "text": "Before the conversion, please change the GMS SDK to the convertible version.",
                    "url": "https://developer.huawei.com/consumer/en/doc/development/Tools-Guides/appendix-0000001050061063#EN-US_TOPIC_0000001050061063__section041885435214",
                    "status": "Manual"
                }
            },
            {
                "version": "19.1.0",
                "originGoogleName": "com.google.android.gms:play-services-ads",
                "replaceHmsName": [
                    "com.huawei.hms:ads-lite:13.4.30.301",
                    "com.huawei.hms:ads-identifier:3.4.29.303",
                    "com.huawei.hms:ads-installreferrer:3.4.29.303"
                ],
                "desc_auto": {
                    "kit": "Ads",
                    "text": "Replace the specified GMS dependencies with the HMS dependencies.",
                    "url": "https://developer.huawei.com/consumer/en/doc/development/Tools-Guides/appendix-0000001050061063#EN-US_TOPIC_0000001050061063__section041885435214",
                    "status": "Auto"
                },
                "desc_manual": {
                    "isUpdate": true,
                    "kit": "Ads",
                    "dependencyName": "play-services-ads",
                    "version": "19.1.0",
                    "text": "Before the conversion, please change the GMS SDK to the convertible version.",
                    "url": "https://developer.huawei.com/consumer/en/doc/development/Tools-Guides/appendix-0000001050061063#EN-US_TOPIC_0000001050061063__section041885435214",
                    "status": "Manual"
                }
            },
            {
                "version": "17.0.0",
                "originGoogleName": "com.google.android.gms:play-services-nearby",
                "replaceHmsName": [
                    "com.huawei.hms:nearby:5.0.1.300"
                ],
                "desc_auto": {
                    "kit": "Nearby",
                    "text": "Replace the specified GMS dependencies with the HMS dependencies.",
                    "url": "https://developer.huawei.com/consumer/en/doc/development/Tools-Guides/appendix-0000001050061063#EN-US_TOPIC_0000001050061063__section041885435214",
                    "status": "Auto"
                },
                "desc_manual": {
                    "isUpdate": true,
                    "kit": "Nearby",
                    "dependencyName": "play-services-nearby",
                    "version": "17.0.0",
                    "text": "Before the conversion, please change the GMS SDK to the convertible version.",
                    "url": "https://developer.huawei.com/consumer/en/doc/development/Tools-Guides/appendix-0000001050061063#EN-US_TOPIC_0000001050061063__section041885435214",
                    "status": "Manual"
                }
            },
            {
                "version": "18.0.1",
                "originGoogleName": "com.google.android.gms:play-services-games",
                "replaceHmsName": [
                    "com.huawei.hms:base:5.0.0.300",
                    "com.huawei.hms:hwid:5.0.2.300",
                    "com.huawei.hms:game:5.0.2.300"
                ],
                "desc_auto": {
                    "kit": "Game",
                    "text": "Replace the specified GMS dependencies with the HMS dependencies.",
                    "url": "https://developer.huawei.com/consumer/en/doc/development/Tools-Guides/appendix-0000001050061063#EN-US_TOPIC_0000001050061063__section041885435214",
                    "status": "Auto"
                },
                "desc_manual": {
                    "isUpdate": true,
                    "kit": "Game",
                    "dependencyName": "play-services-games",
                    "version": "18.0.1",
                    "text": "Before the conversion, please change the GMS SDK to the convertible version.",
                    "url": "https://developer.huawei.com/consumer/en/doc/development/Tools-Guides/appendix-0000001050061063#EN-US_TOPIC_0000001050061063__section041885435214",
                    "status": "Manual"
                }
            },
            {
                "version": "19.0.0",
                "originGoogleName": "com.google.android.gms:play-services-games",
                "replaceHmsName": [
                    "com.huawei.hms:base:5.0.0.300",
                    "com.huawei.hms:hwid:5.0.2.300",
                    "com.huawei.hms:game:5.0.2.300"
                ],
                "desc_auto": {
                    "kit": "Game",
                    "text": "Replace the specified GMS dependencies with the HMS dependencies.",
                    "url": "https://developer.huawei.com/consumer/en/doc/development/Tools-Guides/appendix-0000001050061063#EN-US_TOPIC_0000001050061063__section041885435214",
                    "status": "Auto"
                },
                "desc_manual": {
                    "isUpdate": true,
                    "kit": "Game",
                    "dependencyName": "play-services-games",
                    "version": "19.0.0",
                    "text": "Before the conversion, please change the GMS SDK to the convertible version.",
                    "url": "https://developer.huawei.com/consumer/en/doc/development/Tools-Guides/appendix-0000001050061063#EN-US_TOPIC_0000001050061063__section041885435214",
                    "status": "Manual"
                }
            },
            {
                "version": "v3-rev188-1.25.0",
                "originGoogleName": "com.google.apis:google-api-services-drive",
                "replaceHmsName": [
                    "com.huawei.hms:drive:5.0.0.300",
                    "com.huawei.hms:hwid:5.0.2.300",
                    "com.huawei.hms:push:5.0.2.300"
                ],
                "desc_auto": {
                    "kit": "Drive",
                    "text": "Replace the specified GMS dependencies with the HMS dependencies.",
                    "url": "https://developer.huawei.com/consumer/en/doc/development/Tools-Guides/appendix-0000001050061063#EN-US_TOPIC_0000001050061063__section041885435214",
                    "status": "Auto"
                },
                "desc_manual": {
                    "isUpdate": true,
                    "kit": "Drive",
                    "dependencyName": "google-api-services-drive",
                    "version": "v3-rev188-1.25.0",
                    "text": "Please replace the specified GMS dependency with the HMS dependencies: 'com.huawei.hms:drive:4.0.0.301', 'com.huawei.hms:hwid:4.0.0.300', 'com.huawei.hms:push:4.0.0.300'.",
                    "url": "https://developer.huawei.com/consumer/en/doc/development/Tools-Guides/appendix-0000001050061063#EN-US_TOPIC_0000001050061063__section041885435214",
                    "status": "Manual"
                }
            },
            {
                "version": "17.1.0",
                "originGoogleName": "com.google.android.gms:play-services-awareness",
                "replaceHmsName": [
                    "com.huawei.hms:awareness:1.0.7.300"
                ],
                "desc_auto": {
                    "kit": "Awareness",
                    "text": "Replace the specified GMS dependencies with the HMS dependencies.",
                    "url": "https://developer.huawei.com/consumer/en/doc/development/Tools-Guides/appendix-0000001050061063#EN-US_TOPIC_0000001050061063__section041885435214",
                    "status": "Auto"
                },
                "desc_manual": {
                    "isUpdate": true,
                    "kit": "Awareness",
                    "dependencyName": "play-services-awareness",
                    "version": "17.1.0",
                    "text": "Before the conversion, please change the GMS SDK to the convertible version.",
                    "url": "https://developer.huawei.com/consumer/en/doc/development/Tools-Guides/appendix-0000001050061063#EN-US_TOPIC_0000001050061063__section041885435214",
                    "status": "Manual"
                }
            },
            {
                "version": "17.0.0",
                "originGoogleName": "com.google.android.gms:play-services-safetynet",
                "replaceHmsName": [
                    "com.huawei.hms:safetydetect:5.0.2.300",
                    "com.huawei.hms:base:5.0.0.300"
                ],
                "desc_auto": {
                    "kit": "Safetynet",
                    "text": "Replace the specified GMS dependencies with the HMS dependencies.",
                    "url": "https://developer.huawei.com/consumer/en/doc/development/Tools-Guides/appendix-0000001050061063#EN-US_TOPIC_0000001050061063__section041885435214",
                    "status": "Auto"
                },
                "desc_manual": {
                    "isUpdate": true,
                    "kit": "Safetynet",
                    "dependencyName": "play-services-safetynet",
                    "version": "17.0.0",
                    "text": "Before the conversion, please change the GMS SDK to the convertible version.",
                    "url": "https://developer.huawei.com/consumer/en/doc/development/Tools-Guides/appendix-0000001050061063#EN-US_TOPIC_0000001050061063__section041885435214",
                    "status": "Manual"
                }
            },
            {
                "version": "17.0.0",
                "originGoogleName": "com.google.android.gms:play-services-analytics",
                "replaceHmsName": [
                    "com.huawei.hms:dtm-api:5.0.2.300"
                ],
                "desc_auto": {
                    "kit": "DTM",
                    "text": "Replace the specified GMS dependencies with the HMS dependencies.",
                    "url": "https://developer.huawei.com/consumer/en/doc/development/Tools-Guides/appendix-0000001050061063#EN-US_TOPIC_0000001050061063__section041885435214",
                    "status": "Auto"
                },
                "desc_manual": {
                    "isUpdate": true,
                    "kit": "DTM",
                    "dependencyName": "play-services-analytics",
                    "version": "17.0.0",
                    "text": "Before the conversion, please change the GMS SDK to the convertible version.",
                    "url": "https://developer.huawei.com/consumer/en/doc/development/Tools-Guides/appendix-0000001050061063#EN-US_TOPIC_0000001050061063__section041885435214",
                    "status": "Manual"
                }
            },
            {
                "version": "17.0.0",
                "originGoogleName": "com.google.android.gms:play-services-identity",
                "replaceHmsName": [
                    "com.huawei.hms:identity:4.0.4.300"
                ],
                "desc_auto": {
                    "kit": "Identity",
                    "text": "Replace the specified GMS dependencies with the HMS dependencies.",
                    "url": "https://developer.huawei.com/consumer/en/doc/development/Tools-Guides/appendix-0000001050061063#EN-US_TOPIC_0000001050061063__section041885435214",
                    "status": "Auto"
                },
                "desc_manual": {
                    "isUpdate": true,
                    "kit": "Identity",
                    "dependencyName": "play-services-identity",
                    "version": "17.0.0",
                    "text": "Before the conversion, please change the GMS SDK to the convertible version.",
                    "url": "https://developer.huawei.com/consumer/en/doc/development/Tools-Guides/appendix-0000001050061063#EN-US_TOPIC_0000001050061063__section041885435214",
                    "status": "Manual"
                }
            },
            {
                "version": "17.0.0",
                "originGoogleName": "com.google.android.gms:play-services-panorama",
                "replaceHmsName": [
                    "com.huawei.hms:panorama:5.0.2.300"
                ],
                "desc_auto": {
                    "kit": "Panorama",
                    "text": "Replace the specified GMS dependencies with the HMS dependencies.",
                    "url": "https://developer.huawei.com/consumer/en/doc/development/Tools-Guides/appendix-0000001050061063#EN-US_TOPIC_0000001050061063__section041885435214",
                    "status": "Auto"
                },
                "desc_manual": {
                    "isUpdate": true,
                    "kit": "Panorama",
                    "dependencyName": "play-services-panorama",
                    "version": "17.0.0",
                    "text": "Before the conversion, please change the GMS SDK to the convertible version.",
                    "url": "https://developer.huawei.com/consumer/en/doc/development/Tools-Guides/appendix-0000001050061063#EN-US_TOPIC_0000001050061063__section041885435214",
                    "status": "Manual"
                }
            },
            {
                "version": "17.1.0",
                "originGoogleName": "com.google.android.gms:play-services-base",
                "replaceHmsName": [
                    "com.huawei.hms:base:5.0.0.300"
                ],
                "desc_auto": {
                    "kit": "Basement",
                    "text": "Replace the specified GMS dependencies with the HMS dependencies.",
                    "url": "https://developer.huawei.com/consumer/en/doc/development/Tools-Guides/appendix-0000001050061063#EN-US_TOPIC_0000001050061063__section041885435214",
                    "status": "Auto"
                },
                "desc_manual": {
                    "isUpdate": true,
                    "kit": "Basement",
                    "dependencyName": "play-services-base",
                    "version": "17.1.0",
                    "text": "Before the conversion, please change the GMS SDK to the convertible version.",
                    "url": "https://developer.huawei.com/consumer/en/doc/development/Tools-Guides/appendix-0000001050061063#EN-US_TOPIC_0000001050061063__section041885435214",
                    "status": "Manual"
                }
            },
            {
                "version": "17.1.0",
                "originGoogleName": "com.google.android.gms:play-services-basement",
                "replaceHmsName": [
                    "com.huawei.hms:base:5.0.0.300"
                ],
                "desc_auto": {
                    "kit": "Basement",
                    "text": "Replace the specified GMS dependencies with the HMS dependencies.",
                    "url": "https://developer.huawei.com/consumer/en/doc/development/Tools-Guides/appendix-0000001050061063#EN-US_TOPIC_0000001050061063__section041885435214",
                    "status": "Auto"
                },
                "desc_manual": {
                    "isUpdate": true,
                    "kit": "Basement",
                    "dependencyName": "play-services-basement",
                    "version": "17.1.0",
                    "text": "Before the conversion, please change the GMS SDK to the convertible version.",
                    "url": "https://developer.huawei.com/consumer/en/doc/development/Tools-Guides/appendix-0000001050061063#EN-US_TOPIC_0000001050061063__section041885435214",
                    "status": "Manual"
                }
            },
            {
                "version": "17.0.0",
                "originGoogleName": "com.google.android.gms:play-services-tasks",
                "replaceHmsName": [
                    "com.huawei.hms:base:5.0.0.300"
                ],
                "desc_auto": {
                    "kit": "Basement",
                    "text": "Replace the specified GMS dependencies with the HMS dependencies.",
                    "url": "https://developer.huawei.com/consumer/en/doc/development/Tools-Guides/appendix-0000001050061063#EN-US_TOPIC_0000001050061063__section041885435214",
                    "status": "Auto"
                },
                "desc_manual": {
                    "isUpdate": true,
                    "kit": "Basement",
                    "dependencyName": "play-services-tasks",
                    "version": "17.0.0",
                    "text": "Before the conversion, please change the GMS SDK to the convertible version.",
                    "url": "https://developer.huawei.com/consumer/en/doc/development/Tools-Guides/appendix-0000001050061063#EN-US_TOPIC_0000001050061063__section041885435214",
                    "status": "Manual"
                }
            },
            {
                "version": "2.1.0",
                "originGoogleName": "com.android.billingclient:billing",
                "replaceHmsName": [
                    "com.huawei.hms:iap:5.0.2.300"
                ],
                "desc_auto": {
                    "kit": "IAP",
                    "text": "Replace the specified GMS dependencies with the HMS dependencies.",
                    "url": "https://developer.huawei.com/consumer/en/doc/development/Tools-Guides/appendix-0000001050061063#EN-US_TOPIC_0000001050061063__section041885435214",
                    "status": "Auto"
                },
                "desc_manual": {
                    "isUpdate": true,
                    "kit": "IAP",
                    "dependencyName": "billing",
                    "version": "2.1.0",
                    "text": "Before the conversion, please change the GMS SDK to the convertible version.",
                    "url": "https://developer.huawei.com/consumer/en/doc/development/Tools-Guides/appendix-0000001050061063#EN-US_TOPIC_0000001050061063__section041885435214",
                    "status": "Manual"
                }
            },
            {
                "version": "2.1.0",
                "originGoogleName": "com.android.billingclient:billing-ktx",
                "replaceHmsName": [
                    "com.huawei.hms:iap:5.0.2.300"
                ],
                "desc_auto": {
                    "kit": "IAP",
                    "text": "Replace the specified GMS dependencies with the HMS dependencies.",
                    "url": "https://developer.huawei.com/consumer/en/doc/development/Tools-Guides/appendix-0000001050061063#EN-US_TOPIC_0000001050061063__section041885435214",
                    "status": "Auto"
                },
                "desc_manual": {
                    "isUpdate": true,
                    "kit": "IAP",
                    "dependencyName": "billing-ktx",
                    "version": "2.1.0",
                    "text": "Before the conversion, please change the GMS SDK to the convertible version.",
                    "url": "https://developer.huawei.com/consumer/en/doc/development/Tools-Guides/appendix-0000001050061063#EN-US_TOPIC_0000001050061063__section041885435214",
                    "status": "Manual"
                }
            },
            {
                "version": "19.1.3",
                "originGoogleName": "com.google.firebase:firebase-config",
                "replaceHmsName": [
                    "com.huawei.agconnect:agconnect-remoteconfig:1.4.0.300"
                ],
                "desc_auto": {
                    "kit": "RemoteConfig",
                    "text": "Replace the specified GMS dependencies with the AGC dependencies.",
                    "url": "https://developer.huawei.com/consumer/en/doc/development/Tools-Guides/appendix-0000001050061063#EN-US_TOPIC_0000001050061063__section041885435214",
                    "status": "Auto"
                },
                "desc_manual": {
                    "isUpdate": true,
                    "kit": "RemoteConfig",
                    "dependencyName": "firebase-config",
                    "version": "19.1.3",
                    "text": "Change the GMS SDK to the recommended version please.",
                    "url": "https://developer.huawei.com/consumer/en/doc/development/Tools-Guides/appendix-0000001050061063#EN-US_TOPIC_0000001050061063__section041885435214",
                    "status": "Manual"
                }
            },
            {
                "version": "17.0.0-beta02",
                "originGoogleName": "com.google.firebase:firebase-crashlytics",
                "replaceHmsName": [
                    "com.huawei.agconnect:agconnect-crash:1.4.0.300"
                ],
                "desc_auto": {
                    "kit": "Crashlytics",
                    "text": "Replace the specified GMS dependencies with the AGC dependencies.",
                    "url": "https://developer.huawei.com/consumer/en/doc/development/Tools-Guides/appendix-0000001050061063#EN-US_TOPIC_0000001050061063__section041885435214",
                    "status": "Auto"
                },
                "desc_manual": {
                    "isUpdate": true,
                    "kit": "Crashlytics",
                    "dependencyName": "firebase-crashlytics",
                    "version": "17.0.0-beta02",
                    "text": "Please replace the specified GMS dependency with the HMS dependencies:com.huawei.agconnect:agconnect-crash:1.3.1.300",
                    "url": "https://developer.huawei.com/consumer/en/doc/development/Tools-Guides/appendix-0000001050061063#EN-US_TOPIC_0000001050061063__section041885435214",
                    "status": "Manual"
                }
            },
            {
                "version": "19.0.2",
                "originGoogleName": "com.google.firebase:firebase-functions",
                "replaceHmsName": [
                    "com.huawei.agconnect:agconnect-function:1.4.0.300"
                ],
                "desc_auto": {
                    "kit": "Functions",
                    "text": "Replace the specified GMS dependencies with the AGC dependencies.",
                    "url": "https://developer.huawei.com/consumer/en/doc/development/Tools-Guides/appendix-0000001050061063#EN-US_TOPIC_0000001050061063__section041885435214",
                    "status": "Auto"
                },
                "desc_manual": {
                    "isUpdate": true,
                    "kit": "Functions",
                    "dependencyName": "firebase-functions",
                    "version": "19.0.2",
                    "text": "Change the GMS SDK to the recommended version please.",
                    "url": "https://developer.huawei.com/consumer/en/doc/development/Tools-Guides/appendix-0000001050061063#EN-US_TOPIC_0000001050061063__section041885435214",
                    "status": "Manual"
                }
            },
            {
                "version": "19.1.0",
                "originGoogleName": "com.google.firebase:firebase-dynamic-links",
                "replaceHmsName": [
                    "com.huawei.agconnect:agconnect-applinking:1.4.0.300"
                ],
                "desc_auto": {
                    "kit": "DynamicLinks",
                    "text": "Replace the specified GMS dependencies with the AGC dependencies.",
                    "url": "https://developer.huawei.com/consumer/en/doc/development/Tools-Guides/appendix-0000001050061063#EN-US_TOPIC_0000001050061063__section041885435214",
                    "status": "Auto"
                },
                "desc_manual": {
                    "isUpdate": true,
                    "kit": "DynamicLinks",
                    "dependencyName": "firebase-dynamic-links",
                    "version": "19.1.0",
                    "text": "Change the GMS SDK to the recommended version please.",
                    "url": "https://developer.huawei.com/consumer/en/doc/development/Tools-Guides/appendix-0000001050061063#EN-US_TOPIC_0000001050061063__section041885435214",
                    "status": "Manual"
                }
            },
            {
                "version": "19.3.0",
                "originGoogleName": "com.google.firebase:firebase-auth",
                "replaceHmsName": [
                    "com.huawei.agconnect:agconnect-auth:1.4.0.300"
                ],
                "desc_auto": {
                    "kit": "Authentication",
                    "text": "Replace the specified GMS dependencies with the AGC dependencies.",
                    "url": "https://developer.huawei.com/consumer/en/doc/development/Tools-Guides/appendix-0000001050061063#EN-US_TOPIC_0000001050061063__section041885435214",
                    "status": "Auto"
                },
                "desc_manual": {
                    "isUpdate": true,
                    "kit": "Authentication",
                    "dependencyName": "firebase-auth",
                    "version": "19.3.0",
                    "text": "Change the GMS SDK to the recommended version please.",
                    "url": "https://developer.huawei.com/consumer/en/doc/development/Tools-Guides/appendix-0000001050061063#EN-US_TOPIC_0000001050061063__section041885435214",
                    "status": "Manual"
                }
            }
        ],
        "deleteInDependencies": [
            {
                "deleteInDependenciesName": "com.google.android.gms:play-services",
                "desc": {
                    "kit": "Game",
                    "text": "GMS dependencies will be deleted.",
                    "url": "",
                    "status": "Auto"
                }
            },
            {
                "deleteInDependenciesName": "com.google.firebase:firebase",
                "desc": {
                    "kit": "Common",
                    "text": "GMS dependencies will be deleted.",
                    "url": "",
                    "status": "Auto"
                }
            },
            {
                "deleteInDependenciesName": "com.firebaseui:firebase",
                "desc": {
                    "kit": "Common",
                    "text": "GMS dependencies will be deleted.",
                    "url": "",
                    "status": "Auto"
                }
            }
        ],
        "Aidl": [
        ],
        "addIndirectDependencies": [
        ]
    },
    "VersionWarnings": {
        "desc": {
            "kit": "Common",
            "text": "This version is not an official version. Please use the official version before conversion or select the HMS version as required. ",
            "url": "https://developer.huawei.com/consumer/en/doc/development/Tools-Guides/appendix-0000001050061063#EN-US_TOPIC_0000001050061063__section041885435214",
            "status": "Manual"
        }
    }
}