{
  "GradleXml": [
    {
       "condition": {
         "type": "AppGradle",
         "dependency": "com.google.firebase:firebase-messaging"
       },
       "operation": {
         "type": "xml",
         "operationType": "add",
         "labelName": "meta-data",
         "unconditional": false,
         "androidName": "firebase_messaging_auto_init_enabled",
         "addContent": "        <meta-data\n            android:name=\"push_kit_auto_init_enabled\"\n            android:value=\"true\" />",
         "desc": {
           "kit":"Push",
           "text": "Add the specified meta-data:push_kit_auto_init_enabled",
           "url": "https://developer.huawei.com/consumer/en/doc/development/HMSCore-Guides/android-client-dev-0000001050042041#EN-US_TOPIC_0000001050042041__section13546121751811",
           "status": "Manual"
         }
       }
    }
  ]
}