{
    "commonOperation": [
        {
            "androidName": "com.android.vending.BILLING",
            "operation": "delete",
            "newContent": "",
            "labelName": "uses-permission",
            "desc": {
                "kit":"Common",
                "text": "This configuration is inapplicable to HMS. Please delete the tag <uses-permission>.",
                "url": "",
                "status": "Manual"
            }
        },
        {
            "androidName": "com.google.android.*",
            "operation": "delete",
            "newContent": "",
            "labelName": "uses-permission",
            "desc": {
                "kit":"Common",
                "text": "This configuration is inapplicable to HMS. Please delete the tag <uses-permission>.",
                "url": "",
                "status": "Manual"
            }
        },
        {
            "androidName": "com.google.android.gms.games.APP_ID",
            "operation": "delete",
            "newContent": "",
            "labelName": "meta-data",
            "desc": {
                "kit":"Game",
                "text": "This configuration is inapplicable to HMS. Please delete the tag <meta-data>.",
                "url": "",
                "status": "Manual"
            }
        },
        {
            "androidName": "com.google.android.gms.version",
            "operation": "delete",
            "newContent": "",
            "labelName": "meta-data",
            "desc": {
                "kit":"Common",
                "text": "This configuration is inapplicable to HMS. Please delete the tag <meta-data>.",
                "url": "",
                "status": "Manual"
            }
        },
        {
            "androidName": "com.google.firebase.messaging.default_notification_channel_id",
            "operation": "delete",
            "newContent": "",
            "labelName": "meta-data",
            "desc": {
                "kit":"Common",
                "text": "This configuration is inapplicable to HMS. Please delete the tag <meta-data>.",
                "url": "",
                "status": "Manual"
            }
        },
        {
            "androidName": "com.google.firebase_messaging_auto_init_enabled",
            "operation": "delete",
            "newContent": "",
            "labelName": "meta-data",
            "desc": {
                "kit":"Common",
                "text": "This configuration is inapplicable to HMS. Please delete the tag <meta-data>.",
                "url": "",
                "status": "Manual"
            }
        },
        {
            "androidName": "com.google.firebase.messaging.default_notification_color",
            "operation": "delete",
            "newContent": "",
            "labelName": "meta-data",
            "desc": {
                "kit":"Common",
                "text": "This configuration is inapplicable to HMS. Please delete the tag <meta-data>.",
                "url": "",
                "status": "Manual"
            }
        },
        {
            "androidName": "com.google.firebase.messaging.default_notification_icon",
            "operation": "delete",
            "newContent": "",
            "labelName": "meta-data",
            "desc": {
                "kit":"Common",
                "text": "This configuration is inapplicable to HMS. Please delete the tag <meta-data>.",
                "url": "",
                "status": "Manual"
            }
        },
        {
            "androidName": "com.google.firebase.iid.FirebaseInstanceIdReceiver",
            "operation": "delete",
            "newContent": "",
            "labelName": "receiver",
            "desc": {
                "kit":"Common",
                "text": "This configuration is inapplicable to HMS. Please delete the tag <receiver>.",
                "url": "",
                "status": "Manual"
            }
        },
        {
            "androidName": "com.google.firebase.iid.FirebaseInstanceIdService",
            "operation": "delete",
            "newContent": "",
            "labelName": "service",
            "desc": {
                "kit":"Common",
                "text": "This configuration is inapplicable to HMS. For details, please refer to HUAWEI Mobile Service Development Guide.",
                "url": "",
                "status": "Manual"
            }
        },
        {
            "androidName": "com.google.android.geo.API_KEY",
            "operation": "delete",
            "newContent": "",
            "labelName": "meta-data",
            "desc": {
                "kit":"Common",
                "text": "This meta-data is inapplicable to HMS. Please delete the tag <meta-data>.",
                "url": "",
                "status": "Manual"
            }
        },
        {
            "androidName": "com.google.android.gms.vision",
            "operation": "delete",
            "newContent": "",
            "labelName": "meta-data",
            "desc": {
                "kit":"Common",
                "text": "This meta-data is inapplicable to HMS. Please delete the tag <meta-data>.",
                "url": "",
                "status": "Manual"
            }
        },
        {
            "androidName": "com.google.firebase.messaging.FirebaseMessagingService",
            "operation": "replace",
            "newContent": "<service android:name=\"%subclass\" \n android:exported=\"true\" \n android:permission=\"${applicationId}.permission.PROCESS_PUSH_MSG\" \n android:process=\":HmsMessageService\">\n  <intent-filter>\n   <action android:name=\"com.huawei.push.action.MESSAGING_EVENT\"/>\n  </intent-filter>\n</service>",
            "labelName": "service",
            "desc": {
                "kit":"Push",
                "text": "This configuration will be replaced by a subclass of com.huawei.hms.push.HmsMessageService.",
                "url": "",
                "status": "Auto"
            }
        },
        {
            "androidName": "com.google.android.gms.permission.ACTIVITY_RECOGNITION",
            "newContent": "<uses-permission android:name=\"com.huawei.hms.permission.ACTIVITY_RECOGNITION\"/>",
            "operation":"replace",
            "labelName":"uses-permission",
            "desc":{
                "kit":"Common",
                "text":"Add the permission required for the HMS SDK: com.huawei.hms.permission.ACTIVITY_RECOGNITION.",
                "url":"",
                "status": "Auto"
            }
        },
        {
            "androidName": "com.google.android.gms.vision.DEPENDENCIES",
            "newContent": "com.huawei.hms.ml.DEPENDENCY",
            "operation":"replace",
            "labelName":"meta-data",
            "desc":{
                "kit":"ML",
                "text":"This meta-data will be replaced by com.huawei.hms.ml.DEPENDENCY.",
                "url":"",
                "status": "Auto"
            }
        },
        {
            "androidName": "com.google.firebase.ml.vision.DEPENDENCIES",
            "newContent": "com.huawei.hms.ml.DEPENDENCY",
            "operation":"replace",
            "labelName":"meta-data",
            "desc":{
                "kit":"ML",
                "text":"This meta-data will be replaced by com.huawei.hms.ml.DEPENDENCY.",
                "url":"",
                "status": "Auto"
            }
        },
        {
            "androidName": "firebase_messaging_auto_init_enabled",
            "newContent": "push_kit_auto_init_enabled",
            "operation":"replace",
            "labelName":"meta-data",
            "desc":{
                "kit":"ML",
                "text":"This meta-data will be replaced by push_kit_auto_init_enabled.",
                "url":"https://developer.huawei.com/consumer/en/doc/development/HMSCore-Guides/android-client-dev-0000001050042041#EN-US_TOPIC_0000001050042041__section13546121751811",
                "status": "Manual"
            }
        }
    ],
    "layoutOperation":[
        {
            "oldClassName":"com.google.android.gms.maps.SupportMapFragment",
            "newClassName":"com.huawei.hms.maps.SupportMapFragment",
            "desc":{
                "kit":"Map",
                "text":"com.google.android.gms.maps.SupportMapFragment will be replaced by com.huawei.hms.maps.SupportMapFragment.",
                "url":"",
                "status": "Auto"
            },
            "comment":"Map"
        },
        {
            "oldClassName":"com.google.android.gms.common.SignInButton",
            "newClassName":"com.huawei.hms.support.hwid.ui.HuaweiIdAuthButton",
            "desc":{
                "kit":"Ads",
                "text":"com.google.android.gms.common.SignInButton will be replaced by com.huawei.hms.support.hwid.ui.HuaweiIdAuthButton.",
                "url":"",
                "status": "Auto"
            },
            "comment":"Account"
        },
        {
            "oldClassName":"com.google.android.gms.maps.SupportStreetViewPanoramaFragment",
            "newClassName":"com.huawei.hms.maps.SupportStreetViewPanoramaFragment",
            "desc":{
                "kit":"Map",
                "text":"com.google.android.gms.maps.SupportStreetViewPanoramaFragment will be replaced by com.huawei.hms.maps.SupportStreetViewPanoramaFragment.",
                "url":"",
                "status": "Auto"
            },
            "comment":"Map"
        },
        {
            "oldClassName":"com.google.android.gms.ads.AdView",
            "newClassName":"com.huawei.hms.ads.banner.BannerView",
            "desc":{
                "kit":"Ads",
                "text":"com.google.android.gms.ads.AdView should be replaced by com.huawei.hms.ads.banner.BannerView; adUnitId should be replaced by adId; adSize should be replaced by bannerSize.",
                "url":"https://developer.huawei.com/consumer/en/doc/development/HMSCore-Guides/publisher-service-banner-0000001050066915",
                "status": "Manual"
            },
            "comment":"Ads"
        },
        {
            "oldClassName":"com.google.android.gms.ads.doubleclick.PublisherAdView",
            "newClassName":"com.huawei.hms.ads.banner.BannerView",
            "desc":{
                "kit":"Ads",
                "text":"com.google.android.gms.ads.doubleclick.PublisherAdView should be replaced by com.huawei.hms.ads.banner.BannerView; adUnitId should be replaced by adId; adSize should be replaced by bannerSize.",
                "url":"https://developer.huawei.com/consumer/en/doc/development/HMSCore-Guides/publisher-service-banner-0000001050066915",
                "status": "Manual"
            },
            "comment":"Ads"
        },
        {
            "oldClassName":"com.google.android.gms.ads.formats.NativeAppInstallAdView",
            "newClassName":"com.huawei.hms.ads.nativead.NativeView",
            "desc":{
                "kit":"Ads",
                "text":"com.google.android.gms.ads.formats.NativeAppInstallAdView will be replaced by com.huawei.hms.ads.nativead.NativeView.",
                "url":"",
                "status": "Auto"
            },
            "comment":"Ads"
        },
        {
            "oldClassName":"com.google.android.gms.ads.formats.UnifiedNativeAdView",
            "newClassName":"com.huawei.hms.ads.nativead.NativeView",
            "desc":{
                "kit":"Ads",
                "text":"com.google.android.gms.ads.formats.UnifiedNativeAdView will be replaced by com.huawei.hms.ads.nativead.NativeView.",
                "url":"",
                "status": "Auto"
            },
            "comment":"Ads"
        },
        {
            "oldClassName":"com.google.android.gms.ads.formats.NativeContentAdView",
            "newClassName":"com.huawei.hms.ads.nativead.NativeView",
            "desc":{
                "kit":"Ads",
                "text":"com.google.android.gms.ads.formats.NativeContentAdView will be replaced by com.huawei.hms.ads.nativead.NativeView.",
                "url":"",
                "status": "Auto"
            },
            "comment":"Ads"
        },
        {
            "oldClassName":"com.google.android.gms.ads.NativeExpressAdView",
            "newClassName":"com.huawei.hms.ads.template.view.NativeTemplateView",
            "desc":{
                "kit":"Ads",
                "text":"com.google.android.gms.ads.NativeExpressAdView will be replaced by com.huawei.hms.ads.template.view.NativeTemplateView.",
                "url":"",
                "status": "Auto"
            },
            "comment":"Ads"
        },
        {
            "oldClassName":"com.google.android.gms.ads.formats.MediaView",
            "newClassName":"com.huawei.hms.ads.nativead.MediaView",
            "desc":{
                "kit":"Ads",
                "text":"com.google.android.gms.ads.formats.MediaView will be replaced by com.huawei.hms.ads.nativead.MediaView.",
                "url":"",
                "status": "Auto"
            },
            "comment":"Ads"
        },
        {
            "oldClassName":"com.google.android.gms.maps.MapView",
            "newClassName":"com.huawei.hms.maps.MapView",
            "desc":{
                "kit":"Map",
                "text":"com.google.android.gms.maps.MapView will be replaced by com.huawei.hms.maps.MapView.",
                "url":"",
                "status": "Auto"
            },
            "comment":"Ads"
        },
        {
            "oldClassName":"com.google.android.gms.maps.StreetViewPanoramaView",
            "newClassName":"com.huawei.hms.maps.StreetViewPanoramaView",
            "desc":{
                "kit":"Map",
                "text":"com.google.android.gms.maps.StreetViewPanoramaView will be replaced by com.huawei.hms.maps.StreetViewPanoramaView.",
                "url":"",
                "status": "Auto"
            },
            "comment":"Ads"
        },
        {
            "oldClassName":"com.google.android.gms.maps.MapFragment",
            "newClassName":"com.huawei.hms.maps.MapFragment",
            "desc":{
                "kit":"Map",
                "text":"com.google.android.gms.maps.MapFragment will be replaced by com.huawei.hms.maps.MapFragment.",
                "url":"",
                "status": "Auto"
            },
            "comment":"Ads"
        },
        {
            "oldClassName":"com.google.android.gms.maps.StreetViewPanoramaFragment",
            "newClassName":"com.huawei.hms.maps.StreetViewPanoramaFragment",
            "desc":{
                "kit":"Map",
                "text":"com.google.android.gms.maps.StreetViewPanoramaFragment will be replaced by com.huawei.hms.maps.StreetViewPanoramaFragment.",
                "url":"",
                "status": "Auto"
            },
            "comment":"Ads"
        }
    ],
	"SpecialConversionResourceDesc": {
        "desc": {
            "kit": "RemoteConfig",
            "text": "RemoteConfig and AGC have different configuration file formats, so it need to be converted.",
            "url": "https://developer.huawei.com/consumer/en/doc/development/Tools-Guides/agc-conversion-remote-0000001050157274#EN-US_TOPIC_0000001050157274__section18611325111319",
            "status": "Auto"
        }
    },
    "layoutAtrrValueOperation": [
        {
            "oldClassName": "com.google.android.gms.common.SignInButton",
            "oldAtrributeName": "buttonSize",
            "oldAtrrValue": "standard",
            "newAtrrValue": "",
            "desc": {
                "kit": "Account",
                "text": "The value 'standard' is not supported, please delete it.",
                "url": "",
                "status": "Manuel"
            },
            "comment": "Account"
        },
        {
            "oldClassName": "com.google.android.gms.common.SignInButton",
            "oldAtrributeName": "buttonSize",
            "oldAtrrValue": "wide",
            "newAtrrValue": "hwid_button_theme_full_title",
            "desc": {
                "kit": "Account",
                "text": "The value 'wide' will be replaced by 'hwid_button_theme_full_title'.",
                "url": "",
                "status": "Auto"
            },
            "comment": "Account"
        },
        {
            "oldClassName": "com.google.android.gms.common.SignInButton",
            "oldAtrributeName": "buttonSize",
            "oldAtrrValue": "icon_only",
            "newAtrrValue": "hwid_button_theme_no_title",
            "desc": {
                "kit": "Account",
                "text": "The value 'icon_only' will be replaced by 'hwid_button_theme_no_title'.",
                "url": "",
                "status": "Auto"
            },
            "comment": "Account"
        },
        {
            "oldClassName": "com.google.android.gms.common.SignInButton",
            "oldAtrributeName": "colorScheme",
            "oldAtrrValue": "dark",
            "newAtrrValue": "hwid_color_policy_red",
            "desc": {
                "kit": "Account",
                "text": "The value 'dark' will be replaced by 'hwid_color_policy_red'.",
                "url": "",
                "status": "Auto"
            },
            "comment": "Account"
        },
        {
            "oldClassName": "com.google.android.gms.common.SignInButton",
            "oldAtrributeName": "colorScheme",
            "oldAtrrValue": "light",
            "newAtrrValue": "hwid_color_policy_white",
            "desc": {
                "kit": "Account",
                "text": "The value 'light' will be replaced by 'hwid_color_policy_white'.",
                "url": "",
                "status": "Auto"
            },
            "comment": "Account"
        },
        {
            "oldClassName": "com.google.android.gms.common.SignInButton",
            "oldAtrributeName": "colorScheme",
            "oldAtrrValue": "auto",
            "newAtrrValue": "hwid_color_policy_blue",
            "desc": {
                "kit": "Account",
                "text": "The value 'auto' will be replaced by 'hwid_color_policy_blue'.",
                "url": "",
                "status": "Auto"
            },
            "comment": "Account"
        }
    ],
    "layoutAtrributeOperation": [
    {
        "oldClassName": "com.google.android.gms.common.SignInButton",
        "oldAtrributeName": "buttonSize",
        "newAtrributeName": "hwid_button_theme",
        "desc": {
            "kit": "Account",
            "text": "The attribute 'buttonSize' will be replaced by 'hwid_button_theme'.",
            "url": "",
            "status": "Auto"
        },
        "comment": "Account"
    },
    {
        "oldClassName": "com.google.android.gms.common.SignInButton",
        "oldAtrributeName": "colorScheme",
        "newAtrributeName": "hwid_color_policy",
        "desc": {
            "kit": "Account",
            "text": "The attribute 'colorScheme' will be replaced by 'hwid_color_policy'.",
            "url": "",
            "status": "Auto"
        },
        "comment": "Account"
    }
    ]
}
