{
    "projectBuildGradle": {
        "addMavenInRepositories": [
            {
                "addMavenInRepositoriesName": "http://developer.huawei.com/repo/",
                "desc": {
                    "kit": "Common",
                    "text": "The Maven repository address provided by HMS SDK will be added.",
                    "url": "",
                    "status": "Auto"
                }
            }
        ],
        "addClassPathInDependencies": [
            {
                "addClassPathInDependenciesName": "com.huawei.agconnect:agcp:1.2.1.301",
                "desc": {
                    "kit": "Common",
                    "text": "The AppGallery Connect dependency will be added. ",
                    "url": "",
                    "status": "Auto"
                }
            },
            {
                "addClassPathInDependenciesName": "com.huawei.agconnect:agconnect-apms-plugin:1.3.1.300",
                "desc": {
                    "kit": "FirebasePerf",
                    "text": "The AppGallery Apms plugin dependency will be added. ",
                    "url": "",
                    "status": "Auto"
                }
            }
        ]
    },
    "AppBuildGradle": {
        "addApplyPlugin": [
            {
                "AddApplyPluginInApp": "com.huawei.agconnect",
                "desc": {
                    "kit": "Common",
                    "text": "Please go to the AGC console and apply for HMS access for your app. For details, please refer to HUAWEI Mobile Service Development Guide.",
                    "url": "https://developer.huawei.com/consumer/en/doc/development/AppGallery-connect-Guides/agc-get-started",
                    "status": "Auto"
                }
            },
            {
                "AddApplyPluginInApp": "com.huawei.agconnect.apms",
                "desc": {
                    "kit": "FirebasePerf",
                    "text": "Please go to the AGC console and apply for HMS apms access for your app. For details, please refer to HUAWEI Mobile Service Development Guide.",
                    "url": "https://developer.huawei.com/consumer/en/doc/development/AppGallery-connect-Guides/agc-get-started",
                    "status": "Auto"
                }
            }
        ],
        "addInDependencies": [
            {
                "version": "18.1.0",
                "originGoogleName": "com.google.android.gms:play-services-fido",
                "addDependenciesName": [
                    "com.google.android.gms:play-services-basement:17.1.0",
                    "com.google.android.gms:play-services-tasks:17.0.0",
                    "com.google.android.gms:play-services-base:17.1.0",
                    "com.huawei.hms:base:5.0.0.300",
                    "com.huawei.hms:fido-fido2:5.0.0.301"
                ],
                "desc_auto": {
                    "kit": "FIDO",
                    "text": "Add the specified HMS dependencies.",
                    "url": "https://developer.huawei.com/consumer/en/doc/development/Tools-Guides/appendix-0000001050061063#EN-US_TOPIC_0000001050061063__section041885435214",
                    "status": "Auto"
                },
                "desc_manual": {
                    "isUpdate": true,
                    "kit": "FIDO",
                    "dependencyName": "fido",
                    "version": "18.1.0",
                    "text": "Before the conversion, please change the GMS SDK to the convertible version.",
                    "url": "https://developer.huawei.com/consumer/en/doc/development/Tools-Guides/appendix-0000001050061063#EN-US_TOPIC_0000001050061063__section041885435214",
                    "status": "Manual"
                }
            },
            {
                "version": "19.1.1",
                "originGoogleName": "com.google.firebase:firebase-storage",
                "addDependenciesName": [
                    "com.google.android.gms:play-services-basement:17.1.0",
                    "com.google.android.gms:play-services-base:17.1.0",
                    "com.google.android.gms:play-services-gcm:17.0.0",
                    "com.huawei.agconnect:agconnect-storage:1.3.0.200"
                ],
                "desc_auto": {
                    "kit": "FirebaseStorage",
                    "text": "Add the specified HMS dependencies.",
                    "url": "https://developer.huawei.com/consumer/en/doc/development/Tools-Guides/appendix-0000001050061063#EN-US_TOPIC_0000001050061063__section041885435214",
                    "status": "Auto"
                },
                "desc_manual": {
                    "isUpdate": true,
                    "kit": "FirebaseStorage",
                    "dependencyName": "firebase-storage",
                    "version": "19.1.1",
                    "text": "Before the conversion, please change the GMS SDK to the convertible version.",
                    "url": "https://developer.huawei.com/consumer/en/doc/development/Tools-Guides/appendix-0000001050061063#EN-US_TOPIC_0000001050061063__section041885435214",
                    "status": "Manual"
                }
            },
            {
                "version": "19.0.7",
                "originGoogleName": "com.google.firebase:firebase-perf",
                "addDependenciesName": [
                    "com.google.android.gms:play-services-basement:17.1.0",
                    "com.google.android.gms:play-services-base:17.1.0",
                    "com.huawei.agconnect:agconnect-apms:1.3.1.300"
                ],
                "desc_auto": {
                    "kit": "FirebasePerf",
                    "text": "Add the specified HMS dependencies.",
                    "url": "https://developer.huawei.com/consumer/en/doc/development/Tools-Guides/appendix-0000001050061063#EN-US_TOPIC_0000001050061063__section041885435214",
                    "status": "Auto"
                },
                "desc_manual": {
                    "isUpdate": true,
                    "kit": "FirebasePerf",
                    "dependencyName": "firebase-perf",
                    "version": "19.0.7",
                    "text": "Before the conversion, please change the GMS SDK to the convertible version.",
                    "url": "https://developer.huawei.com/consumer/en/doc/development/Tools-Guides/appendix-0000001050061063#EN-US_TOPIC_0000001050061063__section041885435214",
                    "status": "Manual"
                }
            },
            {
                "version": "19.0.7",
                "originGoogleName": "com.google.firebase:firebase-inappmessaging-display",
                "addDependenciesName": [
                    "com.google.android.gms:play-services-basement:17.1.0",
                    "com.google.android.gms:play-services-base:17.1.0",
                    "com.google.android.gms:play-services-tasks:17.0.0",
                    "com.google.firebase:firebase-inappmessaging-display:19.0.7",
                    "com.google.firebase:firebase-inappmessaging:19.0.7",
                    "com.huawei.agconnect:agconnect-appmessaging:1.4.0.300",
                    "com.huawei.hms:base:5.0.0.300"
                ],
                "desc_auto": {
                    "kit": "InAppMessaging",
                    "text": "Add the specified HMS dependencies.",
                    "url": "https://developer.huawei.com/consumer/en/doc/development/Tools-Guides/appendix-0000001050061063#EN-US_TOPIC_0000001050061063__section041885435214",
                    "status": "Auto"
                },
                "desc_manual": {
                    "isUpdate": true,
                    "kit": "InAppMessaging",
                    "dependencyName": "firebase-inappmessaging-display",
                    "version": "19.0.7",
                    "text": "Before the conversion, please change the GMS SDK to the convertible version.",
                    "url": "https://developer.huawei.com/consumer/en/doc/development/Tools-Guides/appendix-0000001050061063#EN-US_TOPIC_0000001050061063__section041885435214",
                    "status": "Manual"
                }
            },
            {
                "version": "19.0.7",
                "originGoogleName": "com.google.firebase:firebase-inappmessaging",
                "addDependenciesName": [
                    "com.google.android.gms:play-services-basement:17.1.0",
                    "com.google.android.gms:play-services-base:17.1.0",
                    "com.google.android.gms:play-services-tasks:17.0.0",
                    "com.google.firebase:firebase-inappmessaging:19.0.7",
                    "com.huawei.agconnect:agconnect-appmessaging:1.4.0.300",
                    "com.huawei.hms:base:5.0.0.300"
                ],
                "desc_auto": {
                    "kit": "InAppMessaging",
                    "text": "Add the specified HMS dependencies.",
                    "url": "https://developer.huawei.com/consumer/en/doc/development/Tools-Guides/appendix-0000001050061063#EN-US_TOPIC_0000001050061063__section041885435214",
                    "status": "Auto"
                },
                "desc_manual": {
                    "isUpdate": true,
                    "kit": "InAppMessaging",
                    "dependencyName": "firebase-inappmessaging",
                    "version": "19.0.7",
                    "text": "Before the conversion, please change the GMS SDK to the convertible version.",
                    "url": "https://developer.huawei.com/consumer/en/doc/development/Tools-Guides/appendix-0000001050061063#EN-US_TOPIC_0000001050061063__section041885435214",
                    "status": "Manual"
                }
            },
            {
                "version": "17.0.0",
                "originGoogleName": "com.google.firebase:firebase-core",
                "addDependenciesName": [
                    "com.google.android.gms:play-services-basement:17.1.0",
                    "com.google.android.gms:play-services-base:17.1.0",
                    "com.google.android.gms:play-services-gcm:17.0.0",
                    "com.huawei.hms:hianalytics:5.0.1.301"
                ],
                "desc_auto": {
                    "kit": "Push",
                    "text": "Add the specified HMS dependencies.",
                    "url": "https://developer.huawei.com/consumer/en/doc/development/Tools-Guides/appendix-0000001050061063#EN-US_TOPIC_0000001050061063__section041885435214",
                    "status": "Auto"
                },
                "desc_manual": {
                    "isUpdate": true,
                    "kit": "Push",
                    "dependencyName": "firebase-core",
                    "version": "17.0.0",
                    "text": "Before the conversion, please change the GMS SDK to the convertible version.",
                    "url": "https://developer.huawei.com/consumer/en/doc/development/Tools-Guides/appendix-0000001050061063#EN-US_TOPIC_0000001050061063__section041885435214",
                    "status": "Manual"
                }
            },
            {
                "version": "20.0.1",
                "originGoogleName": "com.google.firebase:firebase-messaging",
                "addDependenciesName": [
                    "com.google.android.gms:play-services-basement:17.1.0",
                    "com.google.android.gms:play-services-base:17.1.0",
                    "com.google.android.gms:play-services-gcm:17.0.0",
                    "com.huawei.hms:hianalytics:5.0.1.301",
                    "com.huawei.hms:push:5.0.2.300"
                ],
                "desc_auto": {
                    "kit": "Push",
                    "text": "Add the specified HMS dependencies.",
                    "url": "https://developer.huawei.com/consumer/en/doc/development/Tools-Guides/appendix-0000001050061063#EN-US_TOPIC_0000001050061063__section041885435214",
                    "status": "Auto"
                },
                "desc_manual": {
                    "isUpdate": true,
                    "kit": "Push",
                    "dependencyName": "firebase-messaging",
                    "version": "20.0.1",
                    "text": "Before the conversion, please change the GMS SDK to the convertible version.",
                    "url": "https://developer.huawei.com/consumer/en/doc/development/Tools-Guides/appendix-0000001050061063#EN-US_TOPIC_0000001050061063__section041885435214",
                    "status": "Manual"
                }
            },
            {
                "version": "20.2.0",
                "originGoogleName": "com.google.firebase:firebase-messaging",
                "addDependenciesName": [
                    "com.google.android.gms:play-services-basement:17.1.0",
                    "com.google.android.gms:play-services-base:17.1.0",
                    "com.google.android.gms:play-services-gcm:17.0.0",
                    "com.huawei.hms:hianalytics:5.0.1.301",
                    "com.huawei.hms:push:5.0.2.300"
                ],
                "desc_auto": {
                    "kit": "Push",
                    "text": "Add the specified HMS dependencies.",
                    "url": "https://developer.huawei.com/consumer/en/doc/development/Tools-Guides/appendix-0000001050061063#EN-US_TOPIC_0000001050061063__section041885435214",
                    "status": "Auto"
                },
                "desc_manual": {
                    "isUpdate": true,
                    "kit": "Push",
                    "dependencyName": "firebase-messaging",
                    "version": "20.2.0",
                    "text": "Before the conversion, please change the GMS SDK to the convertible version.",
                    "url": "https://developer.huawei.com/consumer/en/doc/development/Tools-Guides/appendix-0000001050061063#EN-US_TOPIC_0000001050061063__section041885435214",
                    "status": "Manual"
                }
            },
            {
                "version": "17.2.1",
                "originGoogleName": "com.google.firebase:firebase-analytics",
                "addDependenciesName": [
                    "com.huawei.hms:hianalytics:5.0.1.301",
                    "com.google.android.gms:play-services-base:17.1.0",
                    "com.google.android.gms:play-services-basement:17.1.0",
                    "com.google.android.gms:play-services-analytics:17.0.0"
                ],
                "desc_auto": {
                    "kit": "Analytics",
                    "text": "Add the specified HMS dependencies.",
                    "url": "https://developer.huawei.com/consumer/en/doc/development/Tools-Guides/appendix-0000001050061063#EN-US_TOPIC_0000001050061063__section041885435214",
                    "status": "Auto"
                },
                "desc_manual": {
                    "isUpdate": true,
                    "kit": "Analytics",
                    "dependencyName": "firebase-analytics",
                    "version": "17.2.1",
                    "text": "Before the conversion, please change the GMS SDK to the convertible version.",
                    "url": "https://developer.huawei.com/consumer/en/doc/development/Tools-Guides/appendix-0000001050061063#EN-US_TOPIC_0000001050061063__section041885435214",
                    "status": "Manual"
                }
            },
            {
                "version": "17.4.3",
                "originGoogleName": "com.google.firebase:firebase-analytics",
                "addDependenciesName": [
                    "com.huawei.hms:hianalytics:5.0.1.301",
                    "com.google.android.gms:play-services-base:17.1.0",
                    "com.google.android.gms:play-services-basement:17.1.0",
                    "com.google.android.gms:play-services-analytics:17.0.0"
                ],
                "desc_auto": {
                    "kit": "Analytics",
                    "text": "Add the specified HMS dependencies.",
                    "url": "https://developer.huawei.com/consumer/en/doc/development/Tools-Guides/appendix-0000001050061063#EN-US_TOPIC_0000001050061063__section041885435214",
                    "status": "Auto"
                },
                "desc_manual": {
                    "isUpdate": true,
                    "kit": "Analytics",
                    "dependencyName": "firebase-analytics",
                    "version": "17.4.3",
                    "text": "Before the conversion, please change the GMS SDK to the convertible version.",
                    "url": "https://developer.huawei.com/consumer/en/doc/development/Tools-Guides/appendix-0000001050061063#EN-US_TOPIC_0000001050061063__section041885435214",
                    "status": "Manual"
                }
            },
            {
                "version": "17.0.0",
                "originGoogleName": "com.google.android.gms:play-services-auth",
                "addDependenciesName": [
                    "com.huawei.hms:hwid:5.0.2.300",
                    "com.google.android.gms:play-services-base:17.1.0",
                    "com.google.android.gms:play-services-basement:17.1.0",
                    "com.google.android.gms:play-services-auth-api-phone:17.3.0"
                ],
                "desc_auto": {
                    "kit": "Account",
                    "text": "Add the specified HMS dependencies.",
                    "url": "https://developer.huawei.com/consumer/en/doc/development/Tools-Guides/appendix-0000001050061063#EN-US_TOPIC_0000001050061063__section041885435214",
                    "status": "Auto"
                },
                "desc_manual": {
                    "isUpdate": true,
                    "kit": "Account",
                    "dependencyName": "play-services-auth",
                    "version": "17.0.0",
                    "text": "Before the conversion, please change the GMS SDK to the convertible version.",
                    "url": "https://developer.huawei.com/consumer/en/doc/development/Tools-Guides/appendix-0000001050061063#EN-US_TOPIC_0000001050061063__section041885435214",
                    "status": "Manual"
                }
            },
            {
                "version": "18.0.0",
                "originGoogleName": "com.google.android.gms:play-services-auth",
                "addDependenciesName": [
                    "com.huawei.hms:hwid:5.0.2.300",
                    "com.google.android.gms:play-services-base:17.1.0",
                    "com.google.android.gms:play-services-basement:17.1.0",
                    "com.google.android.gms:play-services-auth-base:17.1.0",
                    "com.google.android.gms:play-services-auth-api-phone:17.4.0"
                ],
                "desc_auto": {
                    "kit": "Account",
                    "text": "Add the specified HMS dependencies.",
                    "url": "https://developer.huawei.com/consumer/en/doc/development/Tools-Guides/appendix-0000001050061063#EN-US_TOPIC_0000001050061063__section041885435214",
                    "status": "Auto"
                },
                "desc_manual": {
                    "isUpdate": true,
                    "kit": "Account",
                    "dependencyName": "play-services-auth",
                    "version": "18.0.0",
                    "text": "Before the conversion, please change the GMS SDK to the convertible version.",
                    "url": "https://developer.huawei.com/consumer/en/doc/development/Tools-Guides/appendix-0000001050061063#EN-US_TOPIC_0000001050061063__section041885435214",
                    "status": "Manual"
                }
            },
            {
                "version": "18.0.0",
                "originGoogleName": "com.google.android.gms:play-services-wallet",
                "addDependenciesName": [
                    "com.google.android.gms:play-services-basement:17.1.0",
                    "com.google.android.gms:play-services-base:17.1.0",
                    "com.google.android.gms:play-services-auth:18.0.0",
                    "com.google.android.gms:play-services-auth-base:17.1.0",
                    "com.google.android.gms:play-services-location:17.0.0",
                    "com.google.android.gms:play-services-auth-api-phone:17.4.0",
                    "com.huawei.hms:location:5.0.2.300",
                    "com.huawei.hms:wallet:4.0.2.301",
                    "com.huawei.hms:identity:4.0.1.300",
                    "com.huawei.hms:hwid:5.0.2.300",
                    "com.huawei.hms:maps:5.0.0.300"
                ],
                "desc_auto": {
                    "kit": "Wallet",
                    "text": "Add the specified HMS dependencies.",
                    "url": "https://developer.huawei.com/consumer/en/doc/development/Tools-Guides/appendix-0000001050061063#EN-US_TOPIC_0000001050061063__section041885435214",
                    "status": "Auto"
                },
                "desc_manual": {
                    "isUpdate": true,
                    "kit": "Wallet",
                    "dependencyName": "play-services-wallet",
                    "version": "18.0.0",
                    "text": "Before the conversion, please change the GMS SDK to the convertible version.",
                    "url": "https://developer.huawei.com/consumer/en/doc/development/Tools-Guides/appendix-0000001050061063#EN-US_TOPIC_0000001050061063__section041885435214",
                    "status": "Manual"
                }
            },
            {
                "version": "17.0.0",
                "originGoogleName": "com.google.android.gms:play-services-maps",
                "addDependenciesName": [
                    "com.huawei.hms:maps:5.0.0.300",
                    "com.huawei.hms:location:5.0.2.300",
                    "com.google.android.gms:play-services-location:17.0.0",
                    "com.google.android.material:material:1.0.0-rc01",
                    "com.google.android.gms:play-services-base:17.1.0",
                    "com.google.android.gms:play-services-basement:17.1.0"
                ],
                "desc_auto": {
                    "kit": "Map",
                    "text": "Add the specified HMS dependencies.",
                    "url": "https://developer.huawei.com/consumer/en/doc/development/Tools-Guides/appendix-0000001050061063#EN-US_TOPIC_0000001050061063__section041885435214",
                    "status": "Auto"
                },
                "desc_manual": {
                    "isUpdate": true,
                    "kit": "Map",
                    "dependencyName": "play-services-maps",
                    "version": "17.0.0",
                    "text": "Before the conversion, please change the GMS SDK to the convertible version.",
                    "url": "https://developer.huawei.com/consumer/en/doc/development/Tools-Guides/appendix-0000001050061063#EN-US_TOPIC_0000001050061063__section041885435214",
                    "status": "Manual"
                }
            },
            {
                "version": "17.0.0",
                "originGoogleName": "com.google.android.gms:play-services-location",
                "addDependenciesName": [
                    "com.google.android.gms:play-services-basement:17.1.0",
                    "com.google.android.gms:play-services-base:17.1.0",
                    "com.huawei.hms:location:5.0.2.300"
                ],
                "desc_auto": {
                    "kit": "Location",
                    "text": "Add the specified HMS dependencies.",
                    "url": "https://developer.huawei.com/consumer/en/doc/development/Tools-Guides/appendix-0000001050061063#EN-US_TOPIC_0000001050061063__section041885435214",
                    "status": "Auto"
                },
                "desc_manual": {
                    "isUpdate": true,
                    "kit": "Location",
                    "dependencyName": "play-services-location",
                    "version": "17.0.0",
                    "text": "Before the conversion, please change the GMS SDK to the convertible version.",
                    "url": "https://developer.huawei.com/consumer/en/doc/development/Tools-Guides/appendix-0000001050061063#EN-US_TOPIC_0000001050061063__section041885435214",
                    "status": "Manual"
                }
            },
            {
                "version": "19.0.0",
                "originGoogleName": "com.google.android.gms:play-services-vision",
                "addDependenciesName": [
                    "com.huawei.hms:ml-computer-vision-cloud:2.0.1.300",
                    "com.huawei.hms:scan:1.2.1.300",
                    "com.google.android.gms:play-services-base:17.1.0",
                    "com.google.android.gms:play-services-basement:17.1.0"
                ],
                "desc_auto": {
                    "kit": "ML",
                    "text": "Add the specified HMS dependencies.",
                    "url": "https://developer.huawei.com/consumer/en/doc/development/Tools-Guides/appendix-0000001050061063#EN-US_TOPIC_0000001050061063__section041885435214",
                    "status": "Auto"
                },
                "desc_manual": {
                    "isUpdate": true,
                    "kit": "ML",
                    "dependencyName": "play-services-vision",
                    "version": "19.0.0",
                    "text": "Before the conversion, please change the GMS SDK to the convertible version.",
                    "url": "https://developer.huawei.com/consumer/en/doc/development/Tools-Guides/appendix-0000001050061063#EN-US_TOPIC_0000001050061063__section041885435214",
                    "status": "Manual"
                }
            },
            {
                "version": "20.0.0",
                "originGoogleName": "com.google.android.gms:play-services-vision",
                "addDependenciesName": [
                    "com.huawei.hms:ml-computer-vision-cloud:2.0.1.300",
                    "com.huawei.hms:scan:1.2.1.300",
                    "com.google.android.gms:play-services-base:17.1.0",
                    "com.google.android.gms:play-services-basement:17.1.0"
                ],
                "desc_auto": {
                    "kit": "ML",
                    "text": "Add the specified HMS dependencies.",
                    "url": "https://developer.huawei.com/consumer/en/doc/development/Tools-Guides/appendix-0000001050061063#EN-US_TOPIC_0000001050061063__section041885435214",
                    "status": "Auto"
                },
                "desc_manual": {
                    "isUpdate": true,
                    "kit": "ML",
                    "dependencyName": "play-services-vision",
                    "version": "20.0.0",
                    "text": "Before the conversion, please change the GMS SDK to the convertible version.",
                    "url": "https://developer.huawei.com/consumer/en/doc/development/Tools-Guides/appendix-0000001050061063#EN-US_TOPIC_0000001050061063__section041885435214",
                    "status": "Manual"
                }
            },
            {
                "version": "24.0.1",
                "originGoogleName": "com.google.firebase:firebase-ml-vision",
                "addDependenciesName": [
                    "com.google.android.gms:play-services-auth:18.0.0",
                    "com.google.android.gms:play-services-auth-api-phone:17.4.0",
                    "com.google.android.gms:play-services-auth-base:17.1.0",
                    "com.google.android.gms:play-services-base:17.1.0",
                    "com.google.android.gms:play-services-basement:17.1.0",
                    "com.huawei.hms:hwid:5.0.2.300",
                    "com.huawei.hms:ml-computer-vision-cloud:2.0.1.300",
                    "com.huawei.hms:scan:1.2.1.300",
                    "com.google.firebase:firebase-ml-natural-language:22.0.0",
                    "com.google.firebase:firebase-ml-natural-language-translate:22.0.0",
                    "com.google.firebase:firebase-ml-model-interpreter:22.0.1"
                ],
                "desc_auto": {
                    "kit": "ML",
                    "text": "Add the specified HMS dependencies.",
                    "url": "https://developer.huawei.com/consumer/en/doc/development/Tools-Guides/appendix-0000001050061063#EN-US_TOPIC_0000001050061063__section041885435214",
                    "status": "Auto"
                },
                "desc_manual": {
                    "isUpdate": true,
                    "kit": "ML",
                    "dependencyName": "firebase-ml-vision",
                    "version": "24.0.1",
                    "text": "Before the conversion, please change the GMS SDK to the convertible version.",
                    "url": "https://developer.huawei.com/consumer/en/doc/development/Tools-Guides/appendix-0000001050061063#EN-US_TOPIC_0000001050061063__section041885435214",
                    "status": "Manual"
                }
            },
            {
                "version": "18.0.0",
                "originGoogleName": "com.google.android.gms:play-services-fitness",
                "addDependenciesName": [
                    "com.huawei.hms:hihealth-base:5.0.1.300",
                    "com.google.android.gms:play-services-base:17.1.0",
                    "com.google.android.gms:play-services-basement:17.1.0"
                ],
                "desc_auto": {
                    "kit": "Health",
                    "text": "Add the specified HMS dependencies.",
                    "url": "https://developer.huawei.com/consumer/en/doc/development/Tools-Guides/appendix-0000001050061063#EN-US_TOPIC_0000001050061063__section041885435214",
                    "status": "Auto"
                },
                "desc_manual": {
                    "isUpdate": true,
                    "kit": "Health",
                    "dependencyName": "play-services-fitness",
                    "version": "18.0.0",
                    "text": "Before the conversion, please change the GMS SDK to the convertible version.",
                    "url": "https://developer.huawei.com/consumer/en/doc/development/Tools-Guides/appendix-0000001050061063#EN-US_TOPIC_0000001050061063__section041885435214",
                    "status": "Manual"
                }
            },
            {
                "version": "18.3.0",
                "originGoogleName": "com.google.android.gms:play-services-ads",
                "addDependenciesName": [
                    "com.huawei.hms:ads-lite:13.4.30.301",
                    "com.huawei.hms:ads-identifier:3.4.29.303",
                    "com.huawei.hms:ads-installreferrer:3.4.29.303",
                    "com.huawei.hms:hianalytics:5.0.1.301",
                    "com.google.android.gms:play-services-basement:17.1.0",
                    "com.google.android.gms:play-services-base:17.1.0",
                    "com.android.installreferrer:installreferrer:1.0"
                ],
                "desc_auto": {
                    "kit": "Ads",
                    "text": "Add the specified HMS dependencies.",
                    "url": "https://developer.huawei.com/consumer/en/doc/development/Tools-Guides/appendix-0000001050061063#EN-US_TOPIC_0000001050061063__section041885435214",
                    "status": "Auto"
                },
                "desc_manual": {
                    "isUpdate": true,
                    "kit": "Ads",
                    "dependencyName": "play-services-ads",
                    "version": "18.3.0",
                    "text": "Before the conversion, please change the GMS SDK to the convertible version.",
                    "url": "https://developer.huawei.com/consumer/en/doc/development/Tools-Guides/appendix-0000001050061063#EN-US_TOPIC_0000001050061063__section041885435214",
                    "status": "Manual"
                }
            },
            {
                "version": "19.1.0",
                "originGoogleName": "com.google.android.gms:play-services-ads",
                "addDependenciesName": [
                    "com.huawei.hms:ads-lite:13.4.30.301",
                    "com.huawei.hms:ads-identifier:3.4.29.303",
                    "com.huawei.hms:ads-installreferrer:3.4.29.303",
                    "com.huawei.hms:hianalytics:5.0.1.301",
                    "com.google.android.gms:play-services-basement:17.1.0",
                    "com.google.android.gms:play-services-base:17.1.0",
                    "com.android.installreferrer:installreferrer:1.0"
                ],
                "desc_auto": {
                    "kit": "Ads",
                    "text": "Add the specified HMS dependencies.",
                    "url": "https://developer.huawei.com/consumer/en/doc/development/Tools-Guides/appendix-0000001050061063#EN-US_TOPIC_0000001050061063__section041885435214",
                    "status": "Auto"
                },
                "desc_manual": {
                    "isUpdate": true,
                    "kit": "Ads",
                    "dependencyName": "play-services-ads",
                    "version": "19.1.0",
                    "text": "Before the conversion, please change the GMS SDK to the convertible version.",
                    "url": "https://developer.huawei.com/consumer/en/doc/development/Tools-Guides/appendix-0000001050061063#EN-US_TOPIC_0000001050061063__section041885435214",
                    "status": "Manual"
                }
            },
            {
                "version": "17.0.0",
                "originGoogleName": "com.google.android.gms:play-services-nearby",
                "addDependenciesName": [
                    "com.huawei.hms:nearby:5.0.1.300",
                    "com.google.android.gms:play-services-basement:17.1.0",
                    "com.google.android.gms:play-services-tasks:17.0.0",
                    "com.google.android.gms:play-services-base:17.1.0"
                ],
                "desc_auto": {
                    "kit": "Nearby",
                    "text": "Add the specified HMS dependencies.",
                    "url": "https://developer.huawei.com/consumer/en/doc/development/Tools-Guides/appendix-0000001050061063#EN-US_TOPIC_0000001050061063__section041885435214",
                    "status": "Auto"
                },
                "desc_manual": {
                    "isUpdate": true,
                    "kit": "Nearby",
                    "dependencyName": "play-services-nearby",
                    "version": "17.0.0",
                    "text": "Before the conversion, please change the GMS SDK to the convertible version.",
                    "url": "https://developer.huawei.com/consumer/en/doc/development/Tools-Guides/appendix-0000001050061063#EN-US_TOPIC_0000001050061063__section041885435214",
                    "status": "Manual"
                }
            },
            {
                "version": "18.0.1",
                "originGoogleName": "com.google.android.gms:play-services-games",
                "addDependenciesName": [
                    "com.huawei.hms:base:5.0.0.300",
                    "com.huawei.hms:hwid:5.0.2.300",
                    "com.huawei.hms:game:5.0.2.300",
                    "com.google.android.gms:play-services-base:17.1.0",
                    "com.google.android.gms:play-services-basement:17.1.0"
                ],
                "desc_auto": {
                    "kit": "Game",
                    "text": "Add the specified HMS dependencies.",
                    "url": "https://developer.huawei.com/consumer/en/doc/development/Tools-Guides/appendix-0000001050061063#EN-US_TOPIC_0000001050061063__section041885435214",
                    "status": "Auto"
                },
                "desc_manual": {
                    "isUpdate": true,
                    "kit": "Game",
                    "dependencyName": "play-services-games",
                    "version": "18.0.1",
                    "text": "Before the conversion, please change the GMS SDK to the convertible version.",
                    "url": "https://developer.huawei.com/consumer/en/doc/development/Tools-Guides/appendix-0000001050061063#EN-US_TOPIC_0000001050061063__section041885435214",
                    "status": "Manual"
                }
            },
            {
                "version": "19.0.0",
                "originGoogleName": "com.google.android.gms:play-services-games",
                "addDependenciesName": [
                    "com.huawei.hms:base:5.0.0.300",
                    "com.huawei.hms:hwid:5.0.2.300",
                    "com.huawei.hms:game:5.0.2.300",
                    "com.google.android.gms:play-services-base:17.1.0",
                    "com.google.android.gms:play-services-basement:17.1.0"
                ],
                "desc_auto": {
                    "kit": "Game",
                    "text": "Add the specified HMS dependencies.",
                    "url": "https://developer.huawei.com/consumer/en/doc/development/Tools-Guides/appendix-0000001050061063#EN-US_TOPIC_0000001050061063__section041885435214",
                    "status": "Auto"
                },
                "desc_manual": {
                    "isUpdate": true,
                    "kit": "Game",
                    "dependencyName": "play-services-games",
                    "version": "19.0.0",
                    "text": "Before the conversion, please change the GMS SDK to the convertible version.",
                    "url": "https://developer.huawei.com/consumer/en/doc/development/Tools-Guides/appendix-0000001050061063#EN-US_TOPIC_0000001050061063__section041885435214",
                    "status": "Manual"
                }
            },
            {
                "version": "17.1.0",
                "originGoogleName": "com.google.android.gms:play-services-awareness",
                "addDependenciesName": [
                    "com.google.android.gms:play-services-base:17.1.0",
                    "com.google.android.gms:play-services-basement:17.1.0",
                    "com.huawei.hms:awareness:1.0.7.300",
                    "com.huawei.hms:location:5.0.2.300"
                ],
                "desc_auto": {
                    "kit": "Awareness",
                    "text": "Add the specified HMS dependencies.",
                    "url": "https://developer.huawei.com/consumer/en/doc/development/Tools-Guides/appendix-0000001050061063#EN-US_TOPIC_0000001050061063__section041885435214",
                    "status": "Auto"
                },
                "desc_manual": {
                    "isUpdate": true,
                    "kit": "Awareness",
                    "dependencyName": "play-services-awareness",
                    "version": "17.1.0",
                    "text": "Before the conversion, please change the GMS SDK to the convertible version.",
                    "url": "https://developer.huawei.com/consumer/en/doc/development/Tools-Guides/appendix-0000001050061063#EN-US_TOPIC_0000001050061063__section041885435214",
                    "status": "Manual"
                }
            },
            {
                "version": "17.0.0",
                "originGoogleName": "com.google.android.gms:play-services-safetynet",
                "addDependenciesName": [
                    "com.google.android.gms:play-services-basement:17.1.0",
                    "com.google.android.gms:play-services-tasks:17.0.0",
                    "com.google.android.gms:play-services-base:17.1.0",
                    "com.huawei.hms:base:5.0.0.300",
                    "com.huawei.hms:safetydetect:5.0.2.300"
                ],
                "desc_auto": {
                    "kit": "Safetynet",
                    "text": "Add the specified HMS dependencies.",
                    "url": "https://developer.huawei.com/consumer/en/doc/development/Tools-Guides/appendix-0000001050061063#EN-US_TOPIC_0000001050061063__section041885435214",
                    "status": "Auto"
                },
                "desc_manual": {
                    "isUpdate": true,
                    "kit": "Safetynet",
                    "dependencyName": "play-services-safetynet",
                    "version": "17.0.0",
                    "text": "Before the conversion, please change the GMS SDK to the convertible version.",
                    "url": "https://developer.huawei.com/consumer/en/doc/development/Tools-Guides/appendix-0000001050061063#EN-US_TOPIC_0000001050061063__section041885435214",
                    "status": "Manual"
                }
            },
            {
                "version": "17.0.0",
                "originGoogleName": "com.google.android.gms:play-services-identity",
                "addDependenciesName": [
                    "com.huawei.hms:identity:4.0.4.300",
                    "com.google.android.gms:play-services-basement:17.1.0",
                    "com.google.android.gms:play-services-tasks:17.0.0",
                    "com.google.android.gms:play-services-base:17.1.0"
                ],
                "desc_auto": {
                    "kit": "Identity",
                    "text": "Add the specified HMS dependencies.",
                    "url": "https://developer.huawei.com/consumer/en/doc/development/Tools-Guides/appendix-0000001050061063#EN-US_TOPIC_0000001050061063__section041885435214",
                    "status": "Auto"
                },
                "desc_manual": {
                    "isUpdate": true,
                    "kit": "Identity",
                    "dependencyName": "play-services-identity",
                    "version": "17.0.0",
                    "text": "Before the conversion, please change the GMS SDK to the convertible version.",
                    "url": "https://developer.huawei.com/consumer/en/doc/development/Tools-Guides/appendix-0000001050061063#EN-US_TOPIC_0000001050061063__section041885435214",
                    "status": "Manual"
                }
            },
            {
                "version": "17.0.0",
                "originGoogleName": "com.google.android.gms:play-services-panorama",
                "addDependenciesName": [
                    "com.huawei.hms:panorama:5.0.2.300",
                    "com.google.android.gms:play-services-base:17.1.0",
                    "com.google.android.gms:play-services-basement:17.1.0"
                ],
                "desc_auto": {
                    "kit": "Panorama",
                    "text": "Add the specified HMS dependencies.",
                    "url": "https://developer.huawei.com/consumer/en/doc/development/Tools-Guides/appendix-0000001050061063#EN-US_TOPIC_0000001050061063__section041885435214",
                    "status": "Auto"
                },
                "desc_manual": {
                    "isUpdate": true,
                    "kit": "Panorama",
                    "dependencyName": "play-services-panorama",
                    "version": "17.0.0",
                    "text": "Before the conversion, please change the GMS SDK to the convertible version.",
                    "url": "https://developer.huawei.com/consumer/en/doc/development/Tools-Guides/appendix-0000001050061063#EN-US_TOPIC_0000001050061063__section041885435214",
                    "status": "Manual"
                }
            },
            {
                "version": "17.1.0",
                "originGoogleName": "com.google.android.gms:play-services-base",
                "addDependenciesName": [
                    "com.huawei.hms:base:5.0.0.300"
                ],
                "desc_auto": {
                    "kit": "Basement",
                    "text": "Add the specified HMS dependencies.",
                    "url": "https://developer.huawei.com/consumer/en/doc/development/Tools-Guides/appendix-0000001050061063#EN-US_TOPIC_0000001050061063__section041885435214",
                    "status": "Auto"
                },
                "desc_manual": {
                    "isUpdate": true,
                    "kit": "Basement",
                    "dependencyName": "play-services-base",
                    "version": "17.1.0",
                    "text": "Before the conversion, please change the GMS SDK to the convertible version.",
                    "url": "https://developer.huawei.com/consumer/en/doc/development/Tools-Guides/appendix-0000001050061063#EN-US_TOPIC_0000001050061063__section041885435214",
                    "status": "Manual"
                }
            },
            {
                "version": "17.1.0",
                "originGoogleName": "com.google.android.gms:play-services-basement",
                "addDependenciesName": [
                    "com.huawei.hms:base:5.0.0.300"
                ],
                "desc_auto": {
                    "kit": "Basement",
                    "text": "Add the specified HMS dependencies.",
                    "url": "https://developer.huawei.com/consumer/en/doc/development/Tools-Guides/appendix-0000001050061063#EN-US_TOPIC_0000001050061063__section041885435214",
                    "status": "Auto"
                },
                "desc_manual": {
                    "isUpdate": true,
                    "kit": "Basement",
                    "dependencyName": "play-services-basement",
                    "version": "17.1.0",
                    "text": "Before the conversion, please change the GMS SDK to the convertible version.",
                    "url": "https://developer.huawei.com/consumer/en/doc/development/Tools-Guides/appendix-0000001050061063#EN-US_TOPIC_0000001050061063__section041885435214",
                    "status": "Manual"
                }
            },
            {
                "version": "17.0.0",
                "originGoogleName": "com.google.android.gms:play-services-tasks",
                "addDependenciesName": [
                    "com.huawei.hms:base:5.0.0.300",
                    "com.google.android.gms:play-services-basement:17.1.0"
                ],
                "desc_auto": {
                    "kit": "Basement",
                    "text": "Add the specified HMS dependencies.",
                    "url": "https://developer.huawei.com/consumer/en/doc/development/Tools-Guides/appendix-0000001050061063#EN-US_TOPIC_0000001050061063__section041885435214",
                    "status": "Auto"
                },
                "desc_manual": {
                    "isUpdate": true,
                    "kit": "Basement",
                    "dependencyName": "play-services-tasks",
                    "version": "17.0.0",
                    "text": "Before the conversion, please change the GMS SDK to the convertible version.",
                    "url": "https://developer.huawei.com/consumer/en/doc/development/Tools-Guides/appendix-0000001050061063#EN-US_TOPIC_0000001050061063__section041885435214",
                    "status": "Manual"
                }
            },
            {
                "version": "19.1.3",
                "originGoogleName": "com.google.firebase:firebase-config",
                "addDependenciesName": [
                    "com.google.android.gms:play-services-base:17.1.0",
                    "com.google.android.gms:play-services-basement:17.1.0",
                    "com.huawei.hms:base:5.0.0.300",
                    "com.huawei.agconnect:agconnect-remoteconfig:1.4.0.300"
                ],
                "desc_auto": {
                    "kit": "RemoteConfig",
                    "text": "Add the specified HMS dependencies.",
                    "url": "https://developer.huawei.com/consumer/en/doc/development/Tools-Guides/appendix-0000001050061063#EN-US_TOPIC_0000001050061063__section041885435214",
                    "status": "Auto"
                },
                "desc_manual": {
                    "isUpdate": true,
                    "kit": "RemoteConfig",
                    "dependencyName": "firebase-config",
                    "version": "19.1.3",
                    "text": "Change the GMS SDK to the recommended version please.",
                    "url": "https://developer.huawei.com/consumer/en/doc/development/Tools-Guides/appendix-0000001050061063#EN-US_TOPIC_0000001050061063__section041885435214",
                    "status": "Manual"
                }
            },
            {
                "version": "17.0.0-beta02",
                "originGoogleName": "com.google.firebase:firebase-crashlytics",
                "addDependenciesName": [
                    "com.google.android.gms:play-services-base:17.1.0",
                    "com.google.android.gms:play-services-basement:17.1.0",
                    "com.huawei.hms:base:5.0.0.300",
                    "com.huawei.agconnect:agconnect-crash:1.4.0.300"
                ],
                "desc_auto": {
                    "kit": "Crashlytics",
                    "text": "Add the specified HMS dependencies.",
                    "url": "https://developer.huawei.com/consumer/en/doc/development/Tools-Guides/appendix-0000001050061063#EN-US_TOPIC_0000001050061063__section041885435214",
                    "status": "Auto"
                },
                "desc_manual": {
                    "isUpdate": true,
                    "kit": "Crashlytics",
                    "dependencyName": "firebase-crashlytics",
                    "version": "17.0.0-beta02",
                    "text": "Please add the specified GMS dependency with the HMS dependencies:com.google.android.gms:play-services-base:17.1.0, com.google.android.gms:play-services-basement:17.1.0, com.huawei.hms:base:4.0.3.300, com.huawei.agconnect:agconnect-crash:1.3.1.300",
                    "url": "https://developer.huawei.com/consumer/en/doc/development/Tools-Guides/appendix-0000001050061063#EN-US_TOPIC_0000001050061063__section041885435214",
                    "status": "Manual"
                }
            },
            {
                "version": "19.0.2",
                "originGoogleName": "com.google.firebase:firebase-functions",
                "addDependenciesName": [
                    "com.google.android.gms:play-services-base:17.1.0",
                    "com.google.android.gms:play-services-basement:17.1.0",
                    "com.huawei.hms:base:5.0.0.300",
                    "com.huawei.agconnect:agconnect-function:1.4.0.300"
                ],
                "desc_auto": {
                    "kit": "Functions",
                    "text": "Add the specified HMS dependencies.",
                    "url": "https://developer.huawei.com/consumer/en/doc/development/Tools-Guides/appendix-0000001050061063#EN-US_TOPIC_0000001050061063__section041885435214",
                    "status": "Auto"
                },
                "desc_manual": {
                    "isUpdate": true,
                    "kit": "Functions",
                    "dependencyName": "firebase-functions",
                    "version": "19.0.2",
                    "text": "Change the GMS SDK to the recommended version please.",
                    "url": "https://developer.huawei.com/consumer/en/doc/development/Tools-Guides/appendix-0000001050061063#EN-US_TOPIC_0000001050061063__section041885435214",
                    "status": "Manual"
                }
            },
            {
                "version": "19.1.0",
                "originGoogleName": "com.google.firebase:firebase-dynamic-links",
                "addDependenciesName": [
                    "com.google.android.gms:play-services-base:17.1.0",
                    "com.google.android.gms:play-services-basement:17.1.0",
                    "com.huawei.hms:base:5.0.0.300",
                    "com.huawei.agconnect:agconnect-applinking:1.4.0.300"
                ],
                "desc_auto": {
                    "kit": "DynamicLinks",
                    "text": "Add the specified HMS dependencies.",
                    "url": "https://developer.huawei.com/consumer/en/doc/development/Tools-Guides/appendix-0000001050061063#EN-US_TOPIC_0000001050061063__section041885435214",
                    "status": "Auto"
                },
                "desc_manual": {
                    "isUpdate": true,
                    "kit": "DynamicLinks",
                    "dependencyName": "firebase-dynamic-links",
                    "version": "19.1.0",
                    "text": "Change the GMS SDK to the recommended version please.",
                    "url": "https://developer.huawei.com/consumer/en/doc/development/Tools-Guides/appendix-0000001050061063#EN-US_TOPIC_0000001050061063__section041885435214",
                    "status": "Manual"
                }
            },
            {
                "version": "19.3.0",
                "originGoogleName": "com.google.firebase:firebase-auth",
                "addDependenciesName": [
                    "com.google.android.gms:play-services-base:17.1.0",
                    "com.google.android.gms:play-services-basement:17.1.0",
                    "com.huawei.hms:base:5.0.0.300",
                    "com.huawei.agconnect:agconnect-auth:1.4.0.300"
                ],
                "desc_auto": {
                    "kit": "Authentication",
                    "text": "Add the specified HMS dependencies.",
                    "url": "https://developer.huawei.com/consumer/en/doc/development/Tools-Guides/appendix-0000001050061063#EN-US_TOPIC_0000001050061063__section041885435214",
                    "status": "Auto"
                },
                "desc_manual": {
                    "isUpdate": true,
                    "kit": "Authentication",
                    "dependencyName": "firebase-auth",
                    "version": "19.3.0",
                    "text": "Change the GMS SDK to the recommended version please.",
                    "url": "https://developer.huawei.com/consumer/en/doc/development/Tools-Guides/appendix-0000001050061063#EN-US_TOPIC_0000001050061063__section041885435214",
                    "status": "Manual"
                }
            }
        ],
        "Aidl": [
        ],
        "addIndirectDependencies": [
        ]
    },
    "SettingsGradle": {
        "addInSettingsGradle": [
            {
                "addString": "include ':xmsadapter', ':xmsadapter:xmsaux', ':xmsadapter:xmsaux:xg', ':xmsadapter:xmsaux:xh', ':xmsadapter:xmsaux:xapi'",
                "desc": {
                    "kit": "Common",
                    "sdk": true,
                    "text": "the module 'xmsadapter' will be added in your project",
                    "url": "https://developer.huawei.com/consumer/en/doc/development/Tools-Guides/gradle-info-0000001050060392#EN-US_TOPIC_0000001050060392__section845163315544",
                    "status": "Dummy"
                }
            }
        ]
    },
    "SpecialAddInDependency": {
        "addSpecialInDependency": [
            {
                "addString": "com.google.firebase:firebase-messaging@com.google.android.gms:play-services-maps@    implementation project(':xmsadapter')#    implementation project(':xmsadapter:xmsaux')#    compileOnly project(':xmsadapter:xmsaux:xapi')",
                "desc": {
                    "kit": "Common",
                    "sdk": true,
                    "text": "the dependency 'xmsadapter' will be added in your module",
                    "url": "https://developer.huawei.com/consumer/en/doc/development/Tools-Guides/gradle-info-0000001050060392#EN-US_TOPIC_0000001050060392__section845163315544",
                    "status": "Dummy"
                }
            }
        ]
    },
    "SpecialAddInApp": {
        "addSpecialInApply": [
            {
                "addString": "apply from: '../xmsadapter/scripts/productFlavor.gradle'",
                "desc": {
                    "kit": "Common",
                    "sdk": true,
                    "text": "the dependency 'xmsadapter' will be added in your module",
                    "url": "https://developer.huawei.com/consumer/en/doc/development/Tools-Guides/gradle-info-0000001050060392#EN-US_TOPIC_0000001050060392__section845163315544",
                    "status": "Dummy"
                }
            }
        ]
    },
    "VersionWarnings": {
        "desc": {
            "kit": "Common",
            "text": "This version is not an official version. Please use the official version before conversion or select the HMS version as required. ",
            "url": "https://developer.huawei.com/consumer/en/doc/development/Tools-Guides/gradle-info-0000001050060392#EN-US_TOPIC_0000001050060392__section845163315544",
            "status": "Manual"
        }
    },
    "AllProjectsInfo": {
        "addString": "allprojects {\n    repositories {\n        jcenter()\n        google()\n        maven {url 'http://developer.huawei.com/repo/'}\n    }\n}",
        "desc": {
            "kit": "Common",
            "text": "The build.gradle under the project is missing the allprojects, please add this to ensure successful synchronization",
            "url": "https://developer.huawei.com/consumer/cn/doc/development/Tools-Guides/faq-0000001050061059#ZH-CN_TOPIC_0000001050061059__section2571645173119",
            "status": "Auto"
        }
    }
}
