{
    "replaceBuilder": [
        {

        }
    ],
    "deleteUrl": [

    ],
    
    "deleteFile": [
        {
            "fileName": "google-services.json",
            "desc": {
                "kit":"Common",
                "text": "Please download the HMS agconnect-services.json file from AppGallery Connect and configure it in your project.",
                "url": "https://developer.huawei.com/consumer/en/doc/development/AppGallery-connect-Guides/agc-get-started",
                "status": "Manual"
            }
        }
    ],
    "replaceScope": [

    ],
    "deleteScope": [

    ]
}
