{
    "commonOperation": [
        {
            "androidName": "com.google.android.gms.permission.ACTIVITY_RECOGNITION",
            "newContent": "<uses-permission android:name=\"com.huawei.hms.permission.ACTIVITY_RECOGNITION\"/>\n<uses-permission android:name=\"com.google.android.gms.permission.ACTIVITY_RECOGNITION\"/>",
            "operation":"replace",
            "labelName":"uses-permission",
            "desc":{
                "kit":"Common",
                "text":"Add the permission required for the HMS SDK:com.huawei.hms.permission.ACTIVITY_RECOGNITION.",
                "url":"",
                "status": "Auto"
            }
        },
        {
            "androidName": "com.google.android.gms.vision.DEPENDENCIES",
            "newContent": "com.huawei.hms.ml.DEPENDENCY",
            "operation":"insert",
            "labelName":"meta-data",
            "desc":{
                "kit":"ML",
                "text":"Please add hms meta-data: com.huawei.hms.ml.DEPENDENCY.",
                "url":"",
                "status": "Auto"
            }
        },
        {
            "androidName": "com.google.firebase.ml.vision.DEPENDENCIES",
            "newContent": "com.huawei.hms.ml.DEPENDENCY",
            "operation":"insert",
            "labelName":"meta-data",
            "desc":{
                "kit":"ML",
                "text":"Add the specified meta-data: com.huawei.hms.ml.DEPENDENCY.",
                "url":"",
                "status": "Auto"
            }
        },
        {
            "androidName": "firebase_messaging_auto_init_enabled",
            "newContent": "push_kit_auto_init_enabled",
            "operation":"insert",
            "labelName":"meta-data",
            "desc":{
                "kit":"Push",
                "text":"Add the specified meta-data:push_kit_auto_init_enabled.",
                "url":"https://developer.huawei.com/consumer/en/doc/development/HMSCore-Guides/android-client-dev-0000001050042041#EN-US_TOPIC_0000001050042041__section13546121751811",
                "status": "Manual"
            }
        },
        {
            "androidName": "com.google.firebase.messaging.FirebaseMessagingService",
            "operation": "replace",
            "newContent": "<service android:name=\"%subclass\" \n android:exported=\"true\" \n android:permission=\"${applicationId}.permission.PROCESS_PUSH_MSG\" >\n <intent-filter>\n <action android:name=\"com.huawei.push.action.MESSAGING_EVENT\"/>\n <action android:name=\"com.google.firebase.MESSAGING_EVENT\" />\n </intent-filter>\n</service>",
            "labelName": "service",
            "desc": {
                "kit": "Push",
                "text": "This configuration will be replaced by a subclass of com.huawei.hms.push.HmsMessageService.",
                "url": "",
                "status": "Dummy"
            }
        }
    ],
    "layoutOperation":[
        {
            "oldClassName":"com.google.android.gms.ads.formats.MediaView",
            "newClassName":"org.xms.g.ads.formats.MediaView",
            "desc":{
                "kit":"Ads",
                "text":"com.google.android.gms.ads.formats.MediaView will be replaced by org.xms.g.ads.formats.MediaView.",
                "url":"",
                "status": "Auto"
            },
            "comment":"Ads"
        },       
        {
            "oldClassName":"com.google.android.gms.ads.formats.NativeAppInstallAdView",
            "newClassName":"org.xms.g.ads.formats.NativeAppInstallAdView",
            "desc":{
                "kit":"Ads",
                "text":"com.google.android.gms.ads.formats.NativeAppInstallAdView will be replaced by org.xms.g.ads.formats.NativeAppInstallAdView.",
                "url":"",
                "status": "Auto"
            },
            "comment":"Ads"
        },
        {
            "oldClassName":"com.google.android.gms.ads.formats.NativeContentAdView",
            "newClassName":"org.xms.g.ads.formats.NativeContentAdView",
            "desc":{
                "kit":"Ads",
                "text":"com.google.android.gms.ads.formats.NativeContentAdView will be replaced by org.xms.g.ads.formats.NativeContentAdView.",
                "url":"",
                "status": "Auto"
            },
            "comment":"Ads"
        },
        {
            "oldClassName":"com.google.android.gms.ads.formats.UnifiedNativeAdView",
            "newClassName":"org.xms.g.ads.formats.UnifiedNativeAdView",
            "desc":{
                "kit":"Ads",
                "text":"com.google.android.gms.ads.formats.UnifiedNativeAdView will be replaced by org.xms.g.ads.formats.UnifiedNativeAdView.",
                "url":"",
                "status": "Auto"
            },
            "comment":"Ads"
        },
        {
            "oldClassName":"com.google.android.gms.ads.NativeExpressAdView",
            "newClassName":"org.xms.g.ads.NativeExpressAdView",
            "desc":{
                "kit":"Ads",
                "text":"com.google.android.gms.ads.NativeExpressAdView will be replaced by org.xms.g.ads.NativeExpressAdView.",
                "url":"",
                "status": "Auto"
            },
            "comment":"Ads"
        },
        {
            "oldClassName":"com.google.android.gms.ads.AdView",
            "newClassName":"org.xms.g.ads.AdView",
            "desc":{
                "kit":"Ads",
                "text":"com.google.android.gms.ads.AdView should be replaced by org.xms.g.ads.AdView; Add the element: ads:adId = \" \", ads:bannerSize = \" \".",
                "url":"https://developer.huawei.com/consumer/en/doc/development/HMSCore-Guides/publisher-service-banner-0000001050066915",
                "status": "Manual"
            },
            "comment":"Ads"
        },
        {
            "oldClassName":"com.google.android.gms.ads.doubleclick.PublisherAdView",
            "newClassName":"org.xms.g.ads.doubleclick.PublisherAdView",
            "desc":{
                "kit":"Ads",
                "text":"com.google.android.gms.ads.doubleclick.PublisherAdView should be replaced by org.xms.g.ads.doubleclick.PublisherAdView; Add the element: ads:adId = \" \", ads:bannerSize = \" \".",
                "url":"https://developer.huawei.com/consumer/en/doc/development/HMSCore-Guides/publisher-service-banner-0000001050066915",
                "status": "Manual"
            },
            "comment":"Ads"
        },
        {
            "oldClassName":"com.google.android.gms.maps.MapView",
            "newClassName":"org.xms.g.maps.MapView",
            "desc":{
                "kit":"Map",
                "text":"com.google.android.gms.maps.MapView will be replaced by org.xms.g.maps.MapView.",
                "url":"",
                "status": "Auto"
            },
            "comment":"Ads"
        },
        {
            "oldClassName":"com.google.android.gms.maps.StreetViewPanoramaView",
            "newClassName":"org.xms.g.maps.StreetViewPanoramaView",
            "desc":{
                "kit":"Map",
                "text":"com.google.android.gms.maps.StreetViewPanoramaView will be replaced by org.xms.g.maps.StreetViewPanoramaView.",
                "url":"",
                "status": "Auto"
            },
            "comment":"Ads"
        },
        {
            "oldClassName": "com.google.android.gms.maps.SupportMapFragment",
            "newClassName": "org.xms.g.maps.SupportMapFragment",
            "desc": {
                "kit": "Map",
                "text": "com.google.android.gms.maps.SupportMapFragment will be replaced by com.huawei.hms.maps.SupportMapFragment.",
                "url": "",
                "status": "Dummy"
            },
            "comment": "Map"
        },
        {
            "oldClassName": "com.google.android.gms.maps.StreetViewPanoramaFragment",
            "newClassName": "org.xms.g.maps.StreetViewPanoramaFragment",
            "desc": {
                "kit": "Map",
                "text": "com.google.android.gms.maps.StreetViewPanoramaFragment will be replaced by com.huawei.hms.maps.StreetViewPanoramaFragment.",
                "url": "",
                "status": "Dummy"
            },
            "comment": "Ads"
        },
        {
            "oldClassName": "com.google.android.gms.maps.MapFragment",
            "newClassName": "org.xms.g.maps.MapFragment",
            "desc": {
                "kit": "Map",
                "text": "com.google.android.gms.maps.MapFragment will be replaced by com.huawei.hms.maps.MapFragment.",
                "url": "",
                "status": "Dummy"
            },
            "comment": "Ads"
        },
        {
            "oldClassName": "com.google.android.gms.maps.SupportStreetViewPanoramaFragment",
            "newClassName": "org.xms.g.maps.SupportStreetViewPanoramaFragment",
            "desc": {
                "kit": "Map",
                "text": "com.google.android.gms.maps.SupportStreetViewPanoramaFragment will be replaced by com.huawei.hms.maps.SupportStreetViewPanoramaFragment.",
                "url": "",
                "status": "Dummy"
            },
            "comment": "Map"
        }
    ]
}
