{
  "gName": "com.google.android.gms.auth.api.phone.SmsRetrieverStatusCodes",
  "interfaces": [],
  "dependencyName": "Account",
  "superClass": "com.google.android.gms.common.api.CommonStatusCodes",
  "methods": [
    {
      "g": {
        "exceptions": [],
        "modifiers": [],
        "name": "",
        "paramTypes": [],
        "retType": ""
      }
    },
    {
      "g": {
        "exceptions": [],
        "modifiers": [],
        "name": "",
        "paramTypes": [],
        "retType": ""
      }
    },
    {
      "g": {
        "exceptions": [],
        "modifiers": [],
        "name": "",
        "paramTypes": [],
        "retType": ""
      }
    },
    {
      "g": {
        "exceptions": [],
        "modifiers": [
          "static"
        ],
        "name": "getStatusCodeString",
        "paramTypes": [
          {
            "pos": "0",
            "type": "int"
          }
        ],
        "retType": "java.lang.String"
      }
    }
  ],
  "innerClass": false,
  "fields": [],
  "modifiers": [
    "final"
  ],
  "type": "class",
  "hName": "",
  "kitName": "Account",
  "status": ""
}