{
  "gName": "com.google.android.gms.auth.api.accounttransfer.AuthenticatorTransferCompletionStatus",
  "interfaces": [
    "java.lang.annotation.Annotation"
  ],
  "dependencyName": "Account",
  "superClass": "",
  "methods": [],
  "innerClass": false,
  "fields": [
    {
      "correspondingStatus": "notSupport",
      "dependencyName": "Account",
      "g": {
        "name": "COMPLETED_FAILURE",
        "modifiers": [
          "static",
          "final"
        ],
        "type": "int",
        "value": "2"
      },
      "text": "HMS Core does not provide this method in this version.",
      "hName": "",
      "url": "https://developer.huawei.com/consumer/en/"
    },
    {
      "correspondingStatus": "notSupport",
      "dependencyName": "Account",
      "g": {
        "name": "COMPLETED_SUCCESS",
        "modifiers": [
          "static",
          "final"
        ],
        "type": "int",
        "value": "1"
      },
      "text": "HMS Core does not provide this method in this version.",
      "hName": "",
      "url": "https://developer.huawei.com/consumer/en/"
    }
  ],
  "modifiers": [
    "abstract"
  ],
  "type": "class",
  "hName": "",
  "kitName": "Account",
  "status": "notSupport"
}