{
  "gName": "com.google.android.gms.auth.api.credentials.CredentialRequest",
  "interfaces": [
    "android.os.Parcelable"
  ],
  "dependencyName": "Account",
  "superClass": "",
  "methods": [
    {
      "correspondingStatus": "notSupport",
      "dependencyName": "Account",
      "g": {
        "exceptions": [],
        "modifiers": [
          "final"
        ],
        "name": "getAccountTypes",
        "paramTypes": [],
        "retType": "java.lang.String[]"
      },
      "text": "HMS Core does not provide this method in this version.",
      "hName": "",
      "url": "https://developer.huawei.com/consumer/en/"
    },
    {
      "correspondingStatus": "notSupport",
      "dependencyName": "Account",
      "g": {
        "exceptions": [],
        "modifiers": [
          "final"
        ],
        "name": "getAccountTypesSet",
        "paramTypes": [],
        "retType": "java.util.Set<java.lang.String>"
      },
      "text": "HMS Core does not provide this method in this version.",
      "hName": "",
      "url": "https://developer.huawei.com/consumer/en/"
    },
    {
      "correspondingStatus": "notSupport",
      "dependencyName": "Account",
      "g": {
        "exceptions": [],
        "modifiers": [
          "final"
        ],
        "name": "getCredentialHintPickerConfig",
        "paramTypes": [],
        "retType": "com.google.android.gms.auth.api.credentials.CredentialPickerConfig"
      },
      "text": "HMS Core does not provide this method in this version.",
      "hName": "",
      "url": "https://developer.huawei.com/consumer/en/"
    },
    {
      "correspondingStatus": "notSupport",
      "dependencyName": "Account",
      "g": {
        "exceptions": [],
        "modifiers": [
          "final"
        ],
        "name": "getCredentialPickerConfig",
        "paramTypes": [],
        "retType": "com.google.android.gms.auth.api.credentials.CredentialPickerConfig"
      },
      "text": "HMS Core does not provide this method in this version.",
      "hName": "",
      "url": "https://developer.huawei.com/consumer/en/"
    },
    {
      "correspondingStatus": "notSupport",
      "dependencyName": "Account",
      "g": {
        "exceptions": [],
        "modifiers": [
          "final"
        ],
        "name": "getIdTokenNonce",
        "paramTypes": [],
        "retType": "java.lang.String"
      },
      "text": "HMS Core does not provide this method in this version.",
      "hName": "",
      "url": "https://developer.huawei.com/consumer/en/"
    },
    {
      "correspondingStatus": "notSupport",
      "dependencyName": "Account",
      "g": {
        "exceptions": [],
        "modifiers": [
          "final"
        ],
        "name": "getServerClientId",
        "paramTypes": [],
        "retType": "java.lang.String"
      },
      "text": "HMS Core does not provide this method in this version.",
      "hName": "",
      "url": "https://developer.huawei.com/consumer/en/"
    },
    {
      "correspondingStatus": "notSupport",
      "dependencyName": "Account",
      "g": {
        "exceptions": [],
        "modifiers": [
          "final"
        ],
        "name": "getSupportsPasswordLogin",
        "paramTypes": [],
        "retType": "boolean"
      },
      "text": "HMS Core does not provide this method in this version.",
      "hName": "",
      "url": "https://developer.huawei.com/consumer/en/"
    },
    {
      "correspondingStatus": "notSupport",
      "dependencyName": "Account",
      "g": {
        "exceptions": [],
        "modifiers": [
          "final"
        ],
        "name": "isIdTokenRequested",
        "paramTypes": [],
        "retType": "boolean"
      },
      "text": "HMS Core does not provide this method in this version.",
      "hName": "",
      "url": "https://developer.huawei.com/consumer/en/"
    },
    {
      "correspondingStatus": "notSupport",
      "dependencyName": "Account",
      "g": {
        "exceptions": [],
        "modifiers": [
          "final"
        ],
        "name": "isPasswordLoginSupported",
        "paramTypes": [],
        "retType": "boolean"
      },
      "text": "HMS Core does not provide this method in this version.",
      "hName": "",
      "url": "https://developer.huawei.com/consumer/en/"
    },
    {
      "correspondingStatus": "notSupport",
      "dependencyName": "Account",
      "g": {
        "exceptions": [],
        "modifiers": [
          "final"
        ],
        "name": "writeToParcel",
        "paramTypes": [
          {
            "pos": "0",
            "type": "android.os.Parcel"
          },
          {
            "pos": "1",
            "type": "int"
          }
        ],
        "retType": "void"
      },
      "text": "HMS Core does not provide this method in this version.",
      "hName": "",
      "url": "https://developer.huawei.com/consumer/en/"
    }
  ],
  "innerClass": false,
  "fields": [
    {
      "correspondingStatus": "notSupport",
      "dependencyName": "Account",
      "g": {
        "name": "CREATOR",
        "modifiers": [
          "static",
          "final"
        ],
        "type": "android.os.Parcelable.Creator<com.google.android.gms.auth.api.credentials.CredentialRequest>",
        "value": ""
      },
      "text": "HMS Core does not provide this method in this version.",
      "hName": "",
      "url": "https://developer.huawei.com/consumer/en/"
    }
  ],
  "modifiers": [
    "final"
  ],
  "type": "class",
  "hName": "",
  "kitName": "Account",
  "status": "notSupport"
}