{
  "gName": "com.google.android.gms.auth.api.credentials.CredentialsOptions",
  "interfaces": [],
  "dependencyName": "Account",
  "superClass": "com.google.android.gms.auth.api.Auth.AuthCredentialsOptions",
  "methods": [],
  "innerClass": false,
  "fields": [
    {
      "correspondingStatus": "dummy",
      "dependencyName": "Account",
      "g": {
        "name": "DEFAULT",
        "modifiers": [
          "static",
          "final"
        ],
        "type": "com.google.android.gms.auth.api.credentials.CredentialsOptions",
        "value": ""
      },
      "text": "HMS Core does not provide this method in this version.",
      "hName": "",
      "url": "https://developer.huawei.com/consumer/en/"
    }
  ],
  "modifiers": [
    "final"
  ],
  "type": "class",
  "hName": "",
  "kitName": "Account",
  "status": "dummy"
}