{
  "gName": "com.google.android.gms.auth.api.credentials.Credentials",
  "interfaces": [],
  "dependencyName": "Account",
  "superClass": "",
  "methods": [
    {
      "correspondingStatus": "dummy",
      "dependencyName": "Account",
      "g": {
        "exceptions": [],
        "modifiers": [
          "static"
        ],
        "name": "getClient",
        "paramTypes": [
          {
            "pos": "0",
            "type": "android.content.Context"
          },
          {
            "pos": "1",
            "type": "com.google.android.gms.auth.api.credentials.CredentialsOptions"
          }
        ],
        "retType": "com.google.android.gms.auth.api.credentials.CredentialsClient"
      },
      "text": "HMS Core does not provide this method in this version.",
      "hName": "",
      "url": "https://developer.huawei.com/consumer/en/"
    },
    {
      "correspondingStatus": "dummy",
      "dependencyName": "Account",
      "g": {
        "exceptions": [],
        "modifiers": [
          "static"
        ],
        "name": "getClient",
        "paramTypes": [
          {
            "pos": "0",
            "type": "android.app.Activity"
          }
        ],
        "retType": "com.google.android.gms.auth.api.credentials.CredentialsClient"
      },
      "text": "HMS Core does not provide this method in this version.",
      "hName": "",
      "url": "https://developer.huawei.com/consumer/en/"
    },
    {
      "correspondingStatus": "dummy",
      "dependencyName": "Account",
      "g": {
        "exceptions": [],
        "modifiers": [
          "static"
        ],
        "name": "getClient",
        "paramTypes": [
          {
            "pos": "0",
            "type": "android.content.Context"
          }
        ],
        "retType": "com.google.android.gms.auth.api.credentials.CredentialsClient"
      },
      "text": "HMS Core does not provide this method in this version.",
      "hName": "",
      "url": "https://developer.huawei.com/consumer/en/"
    },
    {
      "correspondingStatus": "dummy",
      "dependencyName": "Account",
      "g": {
        "exceptions": [],
        "modifiers": [
          "static"
        ],
        "name": "getClient",
        "paramTypes": [
          {
            "pos": "0",
            "type": "android.app.Activity"
          },
          {
            "pos": "1",
            "type": "com.google.android.gms.auth.api.credentials.CredentialsOptions"
          }
        ],
        "retType": "com.google.android.gms.auth.api.credentials.CredentialsClient"
      },
      "text": "HMS Core does not provide this method in this version.",
      "hName": "",
      "url": "https://developer.huawei.com/consumer/en/"
    },
    {
      "correspondingStatus": "notSupport",
      "dependencyName": "Account",
      "g": {
        "exceptions": [],
        "modifiers": [],
        "name": "Credentials",
        "paramTypes": [],
        "retType": ""
      },
      "text": "HMS Core does not provide this method in this version.",
      "hName": "",
      "url": "https://developer.huawei.com/consumer/en/"
    }
  ],
  "innerClass": false,
  "fields": [],
  "modifiers": [],
  "type": "class",
  "hName": "",
  "kitName": "Account",
  "status": "notSupport"
}