{
  "gName": "com.google.android.gms.auth.api.accounttransfer.AccountTransfer",
  "interfaces": [],
  "dependencyName": "Account",
  "superClass": "",
  "methods": [
    {
      "correspondingStatus": "notSupport",
      "dependencyName": "Account",
      "g": {
        "exceptions": [],
        "modifiers": [
          "static"
        ],
        "name": "getAccountTransferClient",
        "paramTypes": [
          {
            "pos": "0",
            "type": "android.content.Context"
          }
        ],
        "retType": "com.google.android.gms.auth.api.accounttransfer.AccountTransferClient"
      },
      "text": "HMS Core does not provide this method in this version.",
      "hName": "",
      "url": "https://developer.huawei.com/consumer/en/"
    },
    {
      "correspondingStatus": "notSupport",
      "dependencyName": "Account",
      "g": {
        "exceptions": [],
        "modifiers": [
          "static"
        ],
        "name": "getAccountTransferClient",
        "paramTypes": [
          {
            "pos": "0",
            "type": "android.app.Activity"
          }
        ],
        "retType": "com.google.android.gms.auth.api.accounttransfer.AccountTransferClient"
      },
      "text": "HMS Core does not provide this method in this version.",
      "hName": "",
      "url": "https://developer.huawei.com/consumer/en/"
    }
  ],
  "innerClass": false,
  "fields": [
    {
      "correspondingStatus": "notSupport",
      "dependencyName": "Account",
      "g": {
        "name": "ACTION_ACCOUNT_EXPORT_DATA_AVAILABLE",
        "modifiers": [
          "static",
          "final"
        ],
        "type": "java.lang.String",
        "value": "com.google.android.gms.auth.ACCOUNT_EXPORT_DATA_AVAILABLE"
      },
      "text": "HMS Core does not provide this method in this version.",
      "hName": "",
      "url": "https://developer.huawei.com/consumer/en/"
    },
    {
      "correspondingStatus": "notSupport",
      "dependencyName": "Account",
      "g": {
        "name": "ACTION_ACCOUNT_IMPORT_DATA_AVAILABLE",
        "modifiers": [
          "static",
          "final"
        ],
        "type": "java.lang.String",
        "value": "com.google.android.gms.auth.ACCOUNT_IMPORT_DATA_AVAILABLE"
      },
      "text": "HMS Core does not provide this method in this version.",
      "hName": "",
      "url": "https://developer.huawei.com/consumer/en/"
    },
    {
      "correspondingStatus": "notSupport",
      "dependencyName": "Account",
      "g": {
        "name": "ACTION_START_ACCOUNT_EXPORT",
        "modifiers": [
          "static",
          "final"
        ],
        "type": "java.lang.String",
        "value": "com.google.android.gms.auth.START_ACCOUNT_EXPORT"
      },
      "text": "HMS Core does not provide this method in this version.",
      "hName": "",
      "url": "https://developer.huawei.com/consumer/en/"
    },
    {
      "correspondingStatus": "notSupport",
      "dependencyName": "Account",
      "g": {
        "name": "KEY_EXTRA_ACCOUNT_TYPE",
        "modifiers": [
          "static",
          "final"
        ],
        "type": "java.lang.String",
        "value": "key_extra_account_type"
      },
      "text": "HMS Core does not provide this method in this version.",
      "hName": "",
      "url": "https://developer.huawei.com/consumer/en/"
    }
  ],
  "modifiers": [
    "final"
  ],
  "type": "class",
  "hName": "",
  "kitName": "Account",
  "status": "notSupport"
}