{
  "gName": "com.google.android.gms.auth.api.credentials.IdentityProviders",
  "interfaces": [],
  "dependencyName": "Account",
  "superClass": "",
  "methods": [
    {
      "correspondingStatus": "notSupport",
      "dependencyName": "Account",
      "g": {
        "exceptions": [],
        "modifiers": [
          "static",
          "final"
        ],
        "name": "getIdentityProviderForAccount",
        "paramTypes": [
          {
            "pos": "0",
            "type": "android.accounts.Account"
          }
        ],
        "retType": "java.lang.String"
      },
      "text": "HMS Core does not provide this method in this version.",
      "hName": "",
      "url": "https://developer.huawei.com/consumer/en/"
    }
  ],
  "innerClass": false,
  "fields": [
    {
      "correspondingStatus": "dummy",
      "dependencyName": "Account",
      "g": {
        "name": "FACEBOOK",
        "modifiers": [
          "static",
          "final"
        ],
        "type": "java.lang.String",
        "value": "https//www.facebook.com"
      },
      "text": "HMS Core does not provide this method in this version.",
      "hName": "",
      "url": "https://developer.huawei.com/consumer/en/"
    },
    {
      "correspondingStatus": "dummy",
      "dependencyName": "Account",
      "g": {
        "name": "GOOGLE",
        "modifiers": [
          "static",
          "final"
        ],
        "type": "java.lang.String",
        "value": "https://accounts.google.com"
      },
      "text": "HMS Core does not provide this method in this version.",
      "hName": "",
      "url": "https://developer.huawei.com/consumer/en/"
    },
    {
      "correspondingStatus": "dummy",
      "dependencyName": "Account",
      "g": {
        "name": "LINKEDIN",
        "modifiers": [
          "static",
          "final"
        ],
        "type": "java.lang.String",
        "value": "https://www.linkedin.com"
      },
      "text": "HMS Core does not provide this method in this version.",
      "hName": "",
      "url": "https://developer.huawei.com/consumer/en/"
    },
    {
      "correspondingStatus": "dummy",
      "dependencyName": "Account",
      "g": {
        "name": "MICROSOFT",
        "modifiers": [
          "static",
          "final"
        ],
        "type": "java.lang.String",
        "value": "https//login.live.com"
      },
      "text": "HMS Core does not provide this method in this version.",
      "hName": "",
      "url": "https://developer.huawei.com/consumer/en/"
    },
    {
      "correspondingStatus": "dummy",
      "dependencyName": "Account",
      "g": {
        "name": "PAYPAL",
        "modifiers": [
          "static",
          "final"
        ],
        "type": "java.lang.String",
        "value": "https://www.paypal.com"
      },
      "text": "HMS Core does not provide this method in this version.",
      "hName": "",
      "url": "https://developer.huawei.com/consumer/en/"
    },
    {
      "correspondingStatus": "dummy",
      "dependencyName": "Account",
      "g": {
        "name": "TWITTER",
        "modifiers": [
          "static",
          "final"
        ],
        "type": "java.lang.String",
        "value": "https://twitter.com"
      },
      "text": "HMS Core does not provide this method in this version.",
      "hName": "",
      "url": "https://developer.huawei.com/consumer/en/"
    },
    {
      "correspondingStatus": "dummy",
      "dependencyName": "Account",
      "g": {
        "name": "YAHOO",
        "modifiers": [
          "static",
          "final"
        ],
        "type": "java.lang.String",
        "value": "//login.yahoo.com"
      },
      "text": "HMS Core does not provide this method in this version.",
      "hName": "",
      "url": "https://developer.huawei.com/consumer/en/"
    }
  ],
  "modifiers": [
    "final"
  ],
  "type": "class",
  "hName": "",
  "kitName": "Account",
  "status": "dummy"
}