{
  "gName": "com.google.android.gms.auth.api.accounttransfer.AccountTransferStatusCodes",
  "interfaces": [],
  "dependencyName": "Account",
  "superClass": "com.google.android.gms.common.api.CommonStatusCodes",
  "methods": [
    {
      "correspondingStatus": "notSupport",
      "dependencyName": "Account",
      "g": {
        "exceptions": [],
        "modifiers": [
          "static"
        ],
        "name": "getStatusCodeString",
        "paramTypes": [
          {
            "pos": "0",
            "type": "int"
          }
        ],
        "retType": "java.lang.String"
      },
      "text": "HMS Core does not provide this method in this version.",
      "hName": "",
      "url": "https://developer.huawei.com/consumer/en/"
    }
  ],
  "innerClass": false,
  "fields": [
    {
      "correspondingStatus": "notSupport",
      "dependencyName": "Account",
      "g": {
        "name": "CHALLENGE_NOT_ALLOWED",
        "modifiers": [
          "static",
          "final"
        ],
        "type": "int",
        "value": "20503"
      },
      "text": "HMS Core does not provide this method in this version.",
      "hName": "",
      "url": "https://developer.huawei.com/consumer/en/"
    },
    {
      "correspondingStatus": "notSupport",
      "dependencyName": "Account",
      "g": {
        "name": "INVALID_REQUEST",
        "modifiers": [
          "static",
          "final"
        ],
        "type": "int",
        "value": "20502"
      },
      "text": "HMS Core does not provide this method in this version.",
      "hName": "",
      "url": "https://developer.huawei.com/consumer/en/"
    },
    {
      "correspondingStatus": "notSupport",
      "dependencyName": "Account",
      "g": {
        "name": "NOT_ALLOWED_SECURITY",
        "modifiers": [
          "static",
          "final"
        ],
        "type": "int",
        "value": "20500"
      },
      "text": "HMS Core does not provide this method in this version.",
      "hName": "",
      "url": "https://developer.huawei.com/consumer/en/"
    },
    {
      "correspondingStatus": "notSupport",
      "dependencyName": "Account",
      "g": {
        "name": "NO_DATA_AVAILABLE",
        "modifiers": [
          "static",
          "final"
        ],
        "type": "int",
        "value": "20501"
      },
      "text": "HMS Core does not provide this method in this version.",
      "hName": "",
      "url": "https://developer.huawei.com/consumer/en/"
    },
    {
      "correspondingStatus": "notSupport",
      "dependencyName": "Account",
      "g": {
        "name": "SESSION_INACTIVE",
        "modifiers": [
          "static",
          "final"
        ],
        "type": "int",
        "value": "20504"
      },
      "text": "HMS Core does not provide this method in this version.",
      "hName": "",
      "url": "https://developer.huawei.com/consumer/en/"
    }
  ],
  "modifiers": [
    "final"
  ],
  "type": "class",
  "hName": "",
  "kitName": "Account",
  "status": "notSupport"
}