{
  "gName": "com.google.android.gms.auth.api.credentials.CredentialRequest.Builder",
  "interfaces": [],
  "dependencyName": "Account",
  "superClass": "",
  "methods": [
    {
      "correspondingStatus": "dummy",
      "dependencyName": "Account",
      "g": {
        "exceptions": [],
        "modifiers": [
          "final"
        ],
        "name": "build",
        "paramTypes": [],
        "retType": "com.google.android.gms.auth.api.credentials.CredentialRequest"
      },
      "text": "HMS Core does not provide this method in this version.",
      "hName": "",
      "url": "https://developer.huawei.com/consumer/en/"
    },
    {
      "correspondingStatus": "dummy",
      "dependencyName": "Account",
      "g": {
        "exceptions": [],
        "modifiers": [
          "final"
        ],
        "name": "setAccountTypes",
        "paramTypes": [
          {
            "pos": "0",
            "type": "java.lang.String..."
          }
        ],
        "retType": "com.google.android.gms.auth.api.credentials.CredentialRequest.Builder"
      },
      "text": "HMS Core does not provide this method in this version.",
      "hName": "",
      "url": "https://developer.huawei.com/consumer/en/"
    },
    {
      "correspondingStatus": "dummy",
      "dependencyName": "Account",
      "g": {
        "exceptions": [],
        "modifiers": [
          "final"
        ],
        "name": "setCredentialHintPickerConfig",
        "paramTypes": [
          {
            "pos": "0",
            "type": "com.google.android.gms.auth.api.credentials.CredentialPickerConfig"
          }
        ],
        "retType": "com.google.android.gms.auth.api.credentials.CredentialRequest.Builder"
      },
      "text": "HMS Core does not provide this method in this version.",
      "hName": "",
      "url": "https://developer.huawei.com/consumer/en/"
    },
    {
      "correspondingStatus": "dummy",
      "dependencyName": "Account",
      "g": {
        "exceptions": [],
        "modifiers": [
          "final"
        ],
        "name": "setCredentialPickerConfig",
        "paramTypes": [
          {
            "pos": "0",
            "type": "com.google.android.gms.auth.api.credentials.CredentialPickerConfig"
          }
        ],
        "retType": "com.google.android.gms.auth.api.credentials.CredentialRequest.Builder"
      },
      "text": "HMS Core does not provide this method in this version.",
      "hName": "",
      "url": "https://developer.huawei.com/consumer/en/"
    },
    {
      "correspondingStatus": "notSupport",
      "dependencyName": "Account",
      "g": {
        "exceptions": [],
        "modifiers": [
          "final"
        ],
        "name": "setIdTokenNonce",
        "paramTypes": [
          {
            "pos": "0",
            "type": "java.lang.String"
          }
        ],
        "retType": "com.google.android.gms.auth.api.credentials.CredentialRequest.Builder"
      },
      "text": "HMS Core does not provide this method in this version.",
      "hName": "",
      "url": "https://developer.huawei.com/consumer/en/"
    },
    {
      "correspondingStatus": "dummy",
      "dependencyName": "Account",
      "g": {
        "exceptions": [],
        "modifiers": [
          "final"
        ],
        "name": "setIdTokenRequested",
        "paramTypes": [
          {
            "pos": "0",
            "type": "boolean"
          }
        ],
        "retType": "com.google.android.gms.auth.api.credentials.CredentialRequest.Builder"
      },
      "text": "HMS Core does not provide this method in this version.",
      "hName": "",
      "url": "https://developer.huawei.com/consumer/en/"
    },
    {
      "correspondingStatus": "dummy",
      "dependencyName": "Account",
      "g": {
        "exceptions": [],
        "modifiers": [
          "final"
        ],
        "name": "setPasswordLoginSupported",
        "paramTypes": [
          {
            "pos": "0",
            "type": "boolean"
          }
        ],
        "retType": "com.google.android.gms.auth.api.credentials.CredentialRequest.Builder"
      },
      "text": "HMS Core does not provide this method in this version.",
      "hName": "",
      "url": "https://developer.huawei.com/consumer/en/"
    },
    {
      "correspondingStatus": "dummy",
      "dependencyName": "Account",
      "g": {
        "exceptions": [],
        "modifiers": [
          "final"
        ],
        "name": "setServerClientId",
        "paramTypes": [
          {
            "pos": "0",
            "type": "java.lang.String"
          }
        ],
        "retType": "com.google.android.gms.auth.api.credentials.CredentialRequest.Builder"
      },
      "text": "HMS Core does not provide this method in this version.",
      "hName": "",
      "url": "https://developer.huawei.com/consumer/en/"
    },
    {
      "correspondingStatus": "dummy",
      "dependencyName": "Account",
      "g": {
        "exceptions": [],
        "modifiers": [
          "final"
        ],
        "name": "setSupportsPasswordLogin",
        "paramTypes": [
          {
            "pos": "0",
            "type": "boolean"
          }
        ],
        "retType": "com.google.android.gms.auth.api.credentials.CredentialRequest.Builder"
      },
      "text": "HMS Core does not provide this method in this version.",
      "hName": "",
      "url": "https://developer.huawei.com/consumer/en/"
    },
    {
      "correspondingStatus": "dummy",
      "dependencyName": "Account",
      "g": {
        "exceptions": [],
        "modifiers": [],
        "name": "Builder",
        "paramTypes": [],
        "retType": ""
      },
      "text": "HMS Core does not provide this method in this version.",
      "hName": "",
      "url": "https://developer.huawei.com/consumer/en/"
    }
  ],
  "innerClass": true,
  "fields": [],
  "modifiers": [
    "static",
    "final"
  ],
  "type": "class",
  "hName": "",
  "kitName": "Account",
  "status": "dummy"
}