{
  "gName": "com.google.android.gms.auth.account.WorkAccountApi.AddAccountResult",
  "interfaces": [
    "com.google.android.gms.common.api.Result"
  ],
  "dependencyName": "Account",
  "superClass": "",
  "methods": [
    {
      "correspondingStatus": "dummy",
      "dependencyName": "Account",
      "g": {
        "exceptions": [],
        "modifiers": [
          "abstract"
        ],
        "name": "getAccount",
        "paramTypes": [],
        "retType": "android.accounts.Account"
      },
      "text": "HMS Core does not provide this method in this version.",
      "hName": "",
      "url": "https://developer.huawei.com/consumer/en/"
    }
  ],
  "innerClass": true,
  "fields": [],
  "modifiers": [
    "static"
  ],
  "type": "interface",
  "hName": "",
  "kitName": "Account",
  "status": "dummy"
}