{
  "gName": "com.google.android.gms.auth.api.phone.SmsRetrieverClient",
  "interfaces": [
    "com.google.android.gms.auth.api.phone.SmsRetrieverApi"
  ],
  "dependencyName": "Account",
  "superClass": "com.google.android.gms.common.api.GoogleApi<com.google.android.gms.common.api.Api.ApiOptions.NoOptions>",
  "methods": [
    {
      "correspondingStatus": "complex",
      "dependencyName": "Account",
      "g": {
        "exceptions": [],
        "modifiers": [
          "abstract"
        ],
        "name": "startSmsRetriever",
        "paramTypes": [],
        "retType": "com.google.android.gms.tasks.Task<java.lang.Void>"
      },
      "text": "HMS Core does not provide this method in this version.",
      "hName": "",
      "url": "https://developer.huawei.com/consumer/en/"
    },
    {
      "correspondingStatus": "dummy",
      "dependencyName": "Account",
      "g": {
        "exceptions": [],
        "modifiers": [
          "abstract"
        ],
        "name": "startSmsUserConsent",
        "paramTypes": [
          {
            "pos": "0",
            "type": "java.lang.String"
          }
        ],
        "retType": "com.google.android.gms.tasks.Task<java.lang.Void>"
      },
      "text": "HMS Core does not provide this method in this version.",
      "hName": "",
      "url": "https://developer.huawei.com/consumer/en/"
    }
  ],
  "innerClass": false,
  "fields": [],
  "modifiers": [
    "abstract"
  ],
  "type": "class",
  "hName": "",
  "kitName": "Account",
  "status": "dummy"
}