{
  "gName": "com.google.android.gms.auth.api.credentials.CredentialRequestResponse",
  "interfaces": [],
  "dependencyName": "Account",
  "superClass": "com.google.android.gms.common.api.Response<com.google.android.gms.auth.api.credentials.CredentialRequestResult>",
  "methods": [
    {
      "correspondingStatus": "dummy",
      "dependencyName": "Account",
      "g": {
        "exceptions": [],
        "modifiers": [],
        "name": "getCredential",
        "paramTypes": [],
        "retType": "com.google.android.gms.auth.api.credentials.Credential"
      },
      "text": "HMS Core does not provide this method in this version.",
      "hName": "",
      "url": "https://developer.huawei.com/consumer/en/"
    }
  ],
  "innerClass": false,
  "fields": [],
  "modifiers": [],
  "type": "class",
  "hName": "",
  "kitName": "Account",
  "status": "dummy"
}