{
  "gName": "com.google.android.gms.auth.api.credentials.CredentialsApi",
  "interfaces": [],
  "dependencyName": "Account",
  "superClass": "",
  "methods": [
    {
      "correspondingStatus": "dummy",
      "dependencyName": "Account",
      "g": {
        "exceptions": [],
        "modifiers": [
          "abstract"
        ],
        "name": "delete",
        "paramTypes": [
          {
            "pos": "0",
            "type": "com.google.android.gms.common.api.GoogleApiClient"
          },
          {
            "pos": "1",
            "type": "com.google.android.gms.auth.api.credentials.Credential"
          }
        ],
        "retType": "com.google.android.gms.common.api.PendingResult<com.google.android.gms.common.api.Status>"
      },
      "text": "HMS Core does not provide this method in this version.",
      "hName": "",
      "url": "https://developer.huawei.com/consumer/en/"
    },
    {
      "correspondingStatus": "dummy",
      "dependencyName": "Account",
      "g": {
        "exceptions": [],
        "modifiers": [
          "abstract"
        ],
        "name": "disableAutoSignIn",
        "paramTypes": [
          {
            "pos": "0",
            "type": "com.google.android.gms.common.api.GoogleApiClient"
          }
        ],
        "retType": "com.google.android.gms.common.api.PendingResult<com.google.android.gms.common.api.Status>"
      },
      "text": "HMS Core does not provide this method in this version.",
      "hName": "",
      "url": "https://developer.huawei.com/consumer/en/"
    },
    {
      "correspondingStatus": "notSupport",
      "dependencyName": "Account",
      "g": {
        "exceptions": [],
        "modifiers": [
          "abstract"
        ],
        "name": "getHintPickerIntent",
        "paramTypes": [
          {
            "pos": "0",
            "type": "com.google.android.gms.common.api.GoogleApiClient"
          },
          {
            "pos": "1",
            "type": "com.google.android.gms.auth.api.credentials.HintRequest"
          }
        ],
        "retType": "android.app.PendingIntent"
      },
      "text": "HMS Core does not provide this method in this version.",
      "hName": "",
      "url": "https://developer.huawei.com/consumer/en/"
    },
    {
      "correspondingStatus": "dummy",
      "dependencyName": "Account",
      "g": {
        "exceptions": [],
        "modifiers": [
          "abstract"
        ],
        "name": "request",
        "paramTypes": [
          {
            "pos": "0",
            "type": "com.google.android.gms.common.api.GoogleApiClient"
          },
          {
            "pos": "1",
            "type": "com.google.android.gms.auth.api.credentials.CredentialRequest"
          }
        ],
        "retType": "com.google.android.gms.common.api.PendingResult<com.google.android.gms.auth.api.credentials.CredentialRequestResult>"
      },
      "text": "HMS Core does not provide this method in this version.",
      "hName": "",
      "url": "https://developer.huawei.com/consumer/en/"
    },
    {
      "correspondingStatus": "dummy",
      "dependencyName": "Account",
      "g": {
        "exceptions": [],
        "modifiers": [
          "abstract"
        ],
        "name": "save",
        "paramTypes": [
          {
            "pos": "0",
            "type": "com.google.android.gms.common.api.GoogleApiClient"
          },
          {
            "pos": "1",
            "type": "com.google.android.gms.auth.api.credentials.Credential"
          }
        ],
        "retType": "com.google.android.gms.common.api.PendingResult<com.google.android.gms.common.api.Status>"
      },
      "text": "HMS Core does not provide this method in this version.",
      "hName": "",
      "url": "https://developer.huawei.com/consumer/en/"
    }
  ],
  "innerClass": false,
  "fields": [
    {
      "correspondingStatus": "dummy",
      "dependencyName": "Account",
      "g": {
        "name": "ACTIVITY_RESULT_ADD_ACCOUNT",
        "modifiers": [
          "static"
        ],
        "type": "int",
        "value": "1000"
      },
      "text": "HMS Core does not provide this method in this version.",
      "hName": "",
      "url": "https://developer.huawei.com/consumer/en/"
    },
    {
      "correspondingStatus": "dummy",
      "dependencyName": "Account",
      "g": {
        "name": "ACTIVITY_RESULT_NO_HINTS_AVAILABLE",
        "modifiers": [
          "static"
        ],
        "type": "int",
        "value": "1002"
      },
      "text": "HMS Core does not provide this method in this version.",
      "hName": "",
      "url": "https://developer.huawei.com/consumer/en/"
    },
    {
      "correspondingStatus": "dummy",
      "dependencyName": "Account",
      "g": {
        "name": "ACTIVITY_RESULT_OTHER_ACCOUNT",
        "modifiers": [
          "static"
        ],
        "type": "int",
        "value": "1001"
      },
      "text": "HMS Core does not provide this method in this version.",
      "hName": "",
      "url": "https://developer.huawei.com/consumer/en/"
    },
    {
      "correspondingStatus": "notSupport",
      "dependencyName": "Account",
      "g": {
        "name": "CREDENTIAL_PICKER_REQUEST_CODE",
        "modifiers": [
          "static"
        ],
        "type": "int",
        "value": "2000"
      },
      "text": "HMS Core does not provide this method in this version.",
      "hName": "",
      "url": "https://developer.huawei.com/consumer/en/"
    }
  ],
  "modifiers": [
    "abstract"
  ],
  "type": "interface",
  "hName": "",
  "kitName": "Account",
  "status": "notSupport"
}