{
  "gName": "com.google.android.gms.auth.CookieUtil",
  "interfaces": [],
  "dependencyName": "Account",
  "superClass": "",
  "methods": [
    {
      "correspondingStatus": "matching",
      "dependencyName": "Account",
      "g": {
        "exceptions": [],
        "modifiers": [
          "static",
          "final"
        ],
        "name": "getCookieUrl",
        "paramTypes": [
          {
            "pos": "0",
            "type": "java.lang.String"
          },
          {
            "pos": "1",
            "type": "java.lang.Boolean"
          }
        ],
        "retType": "java.lang.String"
      },
      "h": {
        "exceptions": [],
        "modifiers": [
          "static"
        ],
        "name": "buildNetworkUrl",
        "paramTypes": [
          {
            "pos": "0",
            "type": "java.lang.String"
          },
          {
            "pos": "1",
            "type": "java.lang.Boolean"
          }
        ],
        "retType": "java.lang.String"
      },
      "text": "Documents to be completed",
      "hName": "com.huawei.hms.support.hwid.tools.NetworkTool",
      "url": "https://developer.huawei.com/consumer/en/"
    },
    {
      "correspondingStatus": "matching",
      "dependencyName": "Account",
      "g": {
        "exceptions": [],
        "modifiers": [
          "static",
          "final"
        ],
        "name": "getCookieValue",
        "paramTypes": [
          {
            "pos": "0",
            "type": "java.lang.String"
          },
          {
            "pos": "1",
            "type": "java.lang.String"
          },
          {
            "pos": "2",
            "type": "java.lang.String"
          },
          {
            "pos": "3",
            "type": "java.lang.String"
          },
          {
            "pos": "4",
            "type": "java.lang.Boolean"
          },
          {
            "pos": "5",
            "type": "java.lang.Boolean"
          },
          {
            "pos": "6",
            "type": "java.lang.Long"
          }
        ],
        "retType": "java.lang.String"
      },
      "h": {
        "exceptions": [],
        "modifiers": [
          "static"
        ],
        "name": "buildNetworkCookie",
        "paramTypes": [
          {
            "pos": "0",
            "type": "java.lang.String"
          },
          {
            "pos": "1",
            "type": "java.lang.String"
          },
          {
            "pos": "2",
            "type": "java.lang.String"
          },
          {
            "pos": "3",
            "type": "java.lang.String"
          },
          {
            "pos": "4",
            "type": "java.lang.Boolean"
          },
          {
            "pos": "5",
            "type": "java.lang.Boolean"
          },
          {
            "pos": "6",
            "type": "java.lang.Long"
          }
        ],
        "retType": "java.lang.String"
      },
      "text": "Documents to be completed",
      "hName": "com.huawei.hms.support.hwid.tools.NetworkTool",
      "url": "https://developer.huawei.com/consumer/en/"
    }
  ],
  "innerClass": false,
  "fields": [],
  "modifiers": [
    "final"
  ],
  "type": "class",
  "hName": "com.huawei.hms.support.hwid.tools.NetworkTool",
  "kitName": "Account",
  "status": "matching"
}