{
  "gName": "com.google.android.gms.auth.GooglePlayServicesAvailabilityException",
  "interfaces": [],
  "dependencyName": "Account",
  "superClass": "com.google.android.gms.auth.UserRecoverableAuthException",
  "methods": [
    {
      "correspondingStatus": "dummy",
      "dependencyName": "Account",
      "g": {
        "exceptions": [],
        "modifiers": [],
        "name": "getConnectionStatusCode",
        "paramTypes": [],
        "retType": "int"
      },
      "text": "HMS Core does not provide this method in this version.",
      "hName": "",
      "url": "https://developer.huawei.com/consumer/en/"
    }
  ],
  "innerClass": false,
  "fields": [],
  "modifiers": [],
  "type": "class",
  "hName": "",
  "kitName": "Account",
  "status": "dummy"
}