{
  "gName": "com.google.android.gms.auth.api.credentials.CredentialsClient",
  "interfaces": [],
  "dependencyName": "Account",
  "superClass": "com.google.android.gms.common.api.GoogleApi<com.google.android.gms.auth.api.Auth.AuthCredentialsOptions>",
  "methods": [
    {
      "correspondingStatus": "dummy",
      "dependencyName": "Account",
      "g": {
        "exceptions": [],
        "modifiers": [],
        "name": "delete",
        "paramTypes": [
          {
            "pos": "0",
            "type": "com.google.android.gms.auth.api.credentials.Credential"
          }
        ],
        "retType": "com.google.android.gms.tasks.Task<java.lang.Void>"
      },
      "text": "HMS Core does not provide this method in this version.",
      "hName": "",
      "url": "https://developer.huawei.com/consumer/en/"
    },
    {
      "correspondingStatus": "dummy",
      "dependencyName": "Account",
      "g": {
        "exceptions": [],
        "modifiers": [],
        "name": "disableAutoSignIn",
        "paramTypes": [],
        "retType": "com.google.android.gms.tasks.Task<java.lang.Void>"
      },
      "text": "HMS Core does not provide this method in this version.",
      "hName": "",
      "url": "https://developer.huawei.com/consumer/en/"
    },
    {
      "correspondingStatus": "notSupport",
      "dependencyName": "Account",
      "g": {
        "exceptions": [],
        "modifiers": [],
        "name": "getHintPickerIntent",
        "paramTypes": [
          {
            "pos": "0",
            "type": "com.google.android.gms.auth.api.credentials.HintRequest"
          }
        ],
        "retType": "android.app.PendingIntent"
      },
      "text": "HMS Core does not provide this method in this version.",
      "hName": "",
      "url": "https://developer.huawei.com/consumer/en/"
    },
    {
      "correspondingStatus": "dummy",
      "dependencyName": "Account",
      "g": {
        "exceptions": [],
        "modifiers": [],
        "name": "request",
        "paramTypes": [
          {
            "pos": "0",
            "type": "com.google.android.gms.auth.api.credentials.CredentialRequest"
          }
        ],
        "retType": "com.google.android.gms.tasks.Task<com.google.android.gms.auth.api.credentials.CredentialRequestResponse>"
      },
      "text": "HMS Core does not provide this method in this version.",
      "hName": "",
      "url": "https://developer.huawei.com/consumer/en/"
    },
    {
      "correspondingStatus": "dummy",
      "dependencyName": "Account",
      "g": {
        "exceptions": [],
        "modifiers": [],
        "name": "save",
        "paramTypes": [
          {
            "pos": "0",
            "type": "com.google.android.gms.auth.api.credentials.Credential"
          }
        ],
        "retType": "com.google.android.gms.tasks.Task<java.lang.Void>"
      },
      "text": "HMS Core does not provide this method in this version.",
      "hName": "",
      "url": "https://developer.huawei.com/consumer/en/"
    }
  ],
  "innerClass": false,
  "fields": [],
  "modifiers": [],
  "type": "class",
  "hName": "",
  "kitName": "Account",
  "status": "dummy"
}