{
  "gName": "com.google.android.gms.auth.api.phone.SmsCodeAutofillClient.PermissionState",
  "interfaces": [
    "java.lang.annotation.Annotation"
  ],
  "dependencyName": "Account",
  "superClass": "",
  "methods": [
    {
      "g": {
        "exceptions": [],
        "modifiers": [],
        "name": "",
        "paramTypes": [],
        "retType": ""
      }
    },
    {
      "g": {
        "exceptions": [],
        "modifiers": [],
        "name": "",
        "paramTypes": [],
        "retType": ""
      }
    },
    {
      "g": {
        "exceptions": [],
        "modifiers": [],
        "name": "",
        "paramTypes": [],
        "retType": ""
      }
    }
  ],
  "innerClass": true,
  "fields": [],
  "modifiers": [
    "static",
    "abstract"
  ],
  "type": "class",
  "hName": "",
  "kitName": "Account",
  "status": ""
}