{
  "gName": "com.google.android.gms.auth.GoogleAuthException",
  "interfaces": [],
  "dependencyName": "Account",
  "superClass": "java.lang.Exception",
  "methods": [
    {
      "correspondingStatus": "matching",
      "dependencyName": "Account",
      "g": {
        "exceptions": [],
        "modifiers": [],
        "name": "GoogleAuthException",
        "paramTypes": [],
        "retType": ""
      },
      "h": {
        "exceptions": [],
        "modifiers": [],
        "name": "HuaweiIdAuthException",
        "paramTypes": [],
        "retType": ""
      },
      "text": "Documents to be completed",
      "hName": "com.huawei.hms.support.hwid.common.HuaweiIdAuthException",
      "url": "https://developer.huawei.com/consumer/en/"
    },
    {
      "correspondingStatus": "matching",
      "dependencyName": "Account",
      "g": {
        "exceptions": [],
        "modifiers": [],
        "name": "GoogleAuthException",
        "paramTypes": [
          {
            "pos": "0",
            "type": "java.lang.String"
          }
        ],
        "retType": ""
      },
      "h": {
        "exceptions": [],
        "modifiers": [],
        "name": "HuaweiIdAuthException",
        "paramTypes": [
          {
            "pos": "0",
            "type": "java.lang.String"
          }
        ],
        "retType": ""
      },
      "text": "Documents to be completed",
      "hName": "com.huawei.hms.support.hwid.common.HuaweiIdAuthException",
      "url": "https://developer.huawei.com/consumer/en/"
    },
    {
      "correspondingStatus": "matching",
      "dependencyName": "Account",
      "g": {
        "exceptions": [],
        "modifiers": [],
        "name": "GoogleAuthException",
        "paramTypes": [
          {
            "pos": "0",
            "type": "java.lang.String"
          },
          {
            "pos": "1",
            "type": "java.lang.Throwable"
          }
        ],
        "retType": ""
      },
      "h": {
        "exceptions": [],
        "modifiers": [],
        "name": "HuaweiIdAuthException",
        "paramTypes": [
          {
            "pos": "0",
            "type": "java.lang.String"
          },
          {
            "pos": "1",
            "type": "java.lang.Throwable"
          }
        ],
        "retType": ""
      },
      "text": "Documents to be completed",
      "hName": "com.huawei.hms.support.hwid.common.HuaweiIdAuthException",
      "url": "https://developer.huawei.com/consumer/en/"
    },
    {
      "correspondingStatus": "matching",
      "dependencyName": "Account",
      "g": {
        "exceptions": [],
        "modifiers": [],
        "name": "GoogleAuthException",
        "paramTypes": [
          {
            "pos": "0",
            "type": "java.lang.Throwable"
          }
        ],
        "retType": ""
      },
      "h": {
        "exceptions": [],
        "modifiers": [],
        "name": "HuaweiIdAuthException",
        "paramTypes": [
          {
            "pos": "0",
            "type": "java.lang.Throwable"
          }
        ],
        "retType": ""
      },
      "text": "Documents to be completed",
      "hName": "com.huawei.hms.support.hwid.common.HuaweiIdAuthException",
      "url": "https://developer.huawei.com/consumer/en/"
    }
  ],
  "innerClass": false,
  "fields": [],
  "modifiers": [],
  "type": "class",
  "hName": "com.huawei.hms.support.hwid.common.HuaweiIdAuthException",
  "kitName": "Account",
  "status": "matching"
}