{
  "gName": "com.google.android.gms.auth.api.accounttransfer.AccountTransferClient",
  "interfaces": [],
  "dependencyName": "Account",
  "superClass": "com.google.android.gms.common.api.GoogleApi<com.google.android.gms.common.api.Api.ApiOptions>",
  "methods": [
    {
      "correspondingStatus": "notSupport",
      "dependencyName": "Account",
      "g": {
        "exceptions": [],
        "modifiers": [],
        "name": "getDeviceMetaData",
        "paramTypes": [
          {
            "pos": "0",
            "type": "java.lang.String"
          }
        ],
        "retType": "com.google.android.gms.tasks.Task<com.google.android.gms.auth.api.accounttransfer.DeviceMetaData>"
      },
      "text": "HMS Core does not provide this method in this version.",
      "hName": "",
      "url": "https://developer.huawei.com/consumer/en/"
    },
    {
      "correspondingStatus": "notSupport",
      "dependencyName": "Account",
      "g": {
        "exceptions": [],
        "modifiers": [],
        "name": "notifyCompletion",
        "paramTypes": [
          {
            "pos": "0",
            "type": "java.lang.String"
          },
          {
            "pos": "1",
            "type": "int"
          }
        ],
        "retType": "com.google.android.gms.tasks.Task<java.lang.Void>"
      },
      "text": "HMS Core does not provide this method in this version.",
      "hName": "",
      "url": "https://developer.huawei.com/consumer/en/"
    },
    {
      "correspondingStatus": "notSupport",
      "dependencyName": "Account",
      "g": {
        "exceptions": [],
        "modifiers": [],
        "name": "retrieveData",
        "paramTypes": [
          {
            "pos": "0",
            "type": "java.lang.String"
          }
        ],
        "retType": "com.google.android.gms.tasks.Task<byte[]>"
      },
      "text": "HMS Core does not provide this method in this version.",
      "hName": "",
      "url": "https://developer.huawei.com/consumer/en/"
    },
    {
      "correspondingStatus": "notSupport",
      "dependencyName": "Account",
      "g": {
        "exceptions": [],
        "modifiers": [],
        "name": "sendData",
        "paramTypes": [
          {
            "pos": "0",
            "type": "java.lang.String"
          },
          {
            "pos": "1",
            "type": "byte[]"
          }
        ],
        "retType": "com.google.android.gms.tasks.Task<java.lang.Void>"
      },
      "text": "HMS Core does not provide this method in this version.",
      "hName": "",
      "url": "https://developer.huawei.com/consumer/en/"
    },
    {
      "correspondingStatus": "notSupport",
      "dependencyName": "Account",
      "g": {
        "exceptions": [],
        "modifiers": [],
        "name": "showUserChallenge",
        "paramTypes": [
          {
            "pos": "0",
            "type": "java.lang.String"
          },
          {
            "pos": "1",
            "type": "android.app.PendingIntent"
          }
        ],
        "retType": "com.google.android.gms.tasks.Task<java.lang.Void>"
      },
      "text": "HMS Core does not provide this method in this version.",
      "hName": "",
      "url": "https://developer.huawei.com/consumer/en/"
    }
  ],
  "innerClass": false,
  "fields": [],
  "modifiers": [],
  "type": "class",
  "hName": "",
  "kitName": "Account",
  "status": "notSupport"
}